image_rel,session,group,set_label,category,human_reject,assign_shift_px,assign_corr,drift_info_px,contrast_first,spine_drop,unc_dist_px,drift_df_px,drift_local_px,z_match_corr,z_neighbor_corr,bead_fraction,bright_cv,low_assign_corr,low_contrast,low_spine_drop,low_z_match,low_z_neighbor
keep/20260623_1_pos1__highmag_1_set0.png,20260623,1_pos1__highmag_1_,0.0,9,False,1.7677669529663689,0.6044183321533665,5.300000000787231,2.1944444444444446,1.1518987341772151,0.0,0.3605551275463989,3.342154993413681,0.8434426553386133,0.987827940154582,0.034324942791762014,0.9245750788305314,-0.6044183321533665,-2.1944444444444446,-1.1518987341772151,-0.8434426553386133,-0.987827940154582
keep/20260623_1_pos1__highmag_1_set2.png,20260623,1_pos1__highmag_1_,2.0,9,False,1.0606601717798212,0.4366202723661337,2.236067975767149,2.4615384615384617,0.8125,0.0,0.316227766016838,0.447213595499958,0.9203444332278197,0.992850466967439,0.005311077389984826,0.7361765009336769,-0.4366202723661337,-2.4615384615384617,-0.8125,-0.9203444332278197,-0.992850466967439
keep/20260623_1_pos1__highmag_3_set0.png,20260623,1_pos1__highmag_3_,0.0,9,False,2.0615528128088303,0.5548617912736618,1.55241749592639,3.0,1.0833333333333333,0.0,0.7615773105863908,0.223606797749979,0.856833982407863,0.9884584262209932,0.03351104341203351,0.9762995793332166,-0.5548617912736618,-3.0,-1.0833333333333333,-0.856833982407863,-0.9884584262209932
keep/20260623_1_pos1__highmag_3_set1.png,20260623,1_pos1__highmag_3_,1.0,9,False,1.25,0.6364398477622524,8.287339744018135,0.75,1.0793650793650793,0.0,4.652956049652738,2.1,0.8962184109934034,0.9888981398760736,0.05368098159509203,0.6392205210775649,-0.6364398477622524,-0.75,-1.0793650793650793,-0.8962184109934034,-0.9888981398760736
keep/20260623_1_pos1__highmag_3_set2.png,20260623,1_pos1__highmag_3_,2.0,9,False,0.7071067811865476,0.4530598730437101,4.060788107454536,1.2173913043478262,1.0267857142857142,0.0,1.4035668847618197,0.58309518948453,0.802739365642651,0.9877837159629854,0.04204892966360856,0.7635557068100096,-0.4530598730437101,-1.2173913043478262,-1.0267857142857142,-0.802739365642651,-0.9877837159629854
keep/20260623_1_pos1__highmag_4_set0.png,20260623,1_pos1__highmag_4_,0.0,9,False,0.7905694150420949,0.5463328262977278,3.84187464857868,0.4484126984126984,1.1910699919549477,2.738600015640259,1.2041594578792296,1.4560219778561034,0.7779162560376848,0.9871779830958025,0.03490136570561457,0.872335397114583,-0.5463328262977278,-0.4484126984126984,-1.1910699919549477,-0.7779162560376848,-0.9871779830958025
keep/20260623_1_pos1__highmag_4_set1.png,20260623,1_pos1__highmag_4_,1.0,9,False,1.600781059358212,0.5908740054101139,5.731491977633623,5.0,0.65,0.9549999833106996,1.9000000000000004,0.2,0.9290743002647341,0.985858357114545,0.012996941896024464,0.7167786161461905,-0.5908740054101139,-5.0,-0.65,-0.9290743002647341,-0.985858357114545
keep/20260623_1_pos1__highmag_4_set2.png,20260623,1_pos1__highmag_4_,2.0,9,False,2.3717082451262845,0.4898386690145597,3.498571206417544,0.5,0.8076923076923077,0.0,1.6492422502470645,2.1377558326431947,0.9453962098842944,0.9892548937531969,0.022103658536585365,0.773509020917089,-0.4898386690145597,-0.5,-0.8076923076923077,-0.9453962098842944,-0.9892548937531969
keep/20260623_1_pos1__highmag_5_set0.png,20260623,1_pos1__highmag_5_,0.0,9,False,1.8027756377319943,0.8249380255866523,1.303840528698079,1.8,1.022222222222222,3.2792999744415283,2.220360331117452,0.806225774829855,0.8005285950632113,0.9658592463305755,0.011160714285714286,1.0737466496765993,-0.8249380255866523,-1.8,-1.022222222222222,-0.8005285950632113,-0.9658592463305755
keep/20260623_1_pos1__highmag_5_set2.png,20260623,1_pos1__highmag_5_,2.0,9,False,1.9039432764659767,0.6966473362170709,3.512833710808268,1.0,0.6666666666666666,0.0,1.0440306508910548,0.9055385138137416,0.8647879215169824,0.9815484214515352,0.025699168556311415,0.9904394951902875,-0.6966473362170709,-1.0,-0.6666666666666666,-0.8647879215169824,-0.9815484214515352
keep/20260623_1_pos1__highmag_6_set0.png,20260623,1_pos1__highmag_6_,0.0,9,False,2.0155644370746373,0.8319250122705562,3.4132096806743752,2.1451612903225805,0.8080200501253133,0.9549999833106996,1.7464249196572978,0.316227766016838,0.9235333265727573,0.988288145498111,0.0382262996941896,0.8350584148783936,-0.8319250122705562,-2.1451612903225805,-0.8080200501253133,-0.9235333265727573,-0.988288145498111
keep/20260623_1_pos1__highmag_6_set1.png,20260623,1_pos1__highmag_6_,1.0,9,False,2.3048861143232218,0.6827564047935867,0.4242640792486407,1.4,0.7417582417582419,0.0,0.3162277660168379,0.282842712474619,0.953234838144602,0.986919143565038,0.03866565579984837,0.9546330163919504,-0.6827564047935867,-1.4,-0.7417582417582419,-0.953234838144602,-0.986919143565038
keep/20260623_1_pos1__highmag_6_set2.png,20260623,1_pos1__highmag_6_,2.0,2,True,2.692582403567252,0.4715793007560996,1.029563024519467,2.361111111111111,0.4941176470588235,13.531499862670898,2.23606797749979,0.4123105625617661,0.7068623520166282,0.9827622952597092,0.06520090978013647,0.9421504080328033,-0.4715793007560996,-2.361111111111111,-0.4941176470588235,-0.7068623520166282,-0.9827622952597092
keep/20260623_1_pos1__highmag_7_set0.png,20260623,1_pos1__highmag_7_,0.0,9,False,1.8027756377319943,0.8056261977388737,1.6278820601591937,2.333333333333333,0.9753694581280788,0.0,0.412310562561766,0.4123105625617661,0.8995928684651704,0.9883040152989333,0.04036557501904037,0.9030275613073517,-0.8056261977388737,-2.333333333333333,-0.9753694581280788,-0.8995928684651704,-0.9883040152989333
keep/20260623_1_pos1__highmag_7_set1.png,20260623,1_pos1__highmag_7_,1.0,9,False,2.3717082451262845,0.5256309588615959,20.35779948035414,1.3333333333333333,1.078125,0.9549999833106996,11.2,5.913543776789007,0.9283129803136945,0.9860780444983444,0.019908116385911178,0.8301378867338254,-0.5256309588615959,-1.3333333333333333,-1.078125,-0.9283129803136945,-0.9860780444983444
keep/20260623_1_pos1__highmag_7_set2.png,20260623,1_pos1__highmag_7_,2.0,2,True,4.422951503238533,0.4370217435162709,37.56447797909418,0.9333333333333332,0.9033613445378152,25.820098876953125,15.463828762631849,5.79396237474839,0.9269229681585253,0.9820124009631903,0.022953328232593728,1.0327473859032426,-0.4370217435162709,-0.9333333333333332,-0.9033613445378152,-0.9269229681585253,-0.9820124009631903
keep/20260623_2_pos1__highmag_1_set0.png,20260623,2_pos1__highmag_1_,0.0,9,False,1.118033988749895,0.646126497999887,5.385164807134505,1.2222222222222223,0.9545454545454544,0.9549999833106996,3.132091952673165,0.4,0.9024496501401107,0.9889457115424449,0.013740458015267175,0.9816910397713638,-0.646126497999887,-1.2222222222222223,-0.9545454545454544,-0.9024496501401107,-0.9889457115424449
keep/20260623_2_pos1__highmag_1_set1.png,20260623,2_pos1__highmag_1_,1.0,9,False,3.0413812651491097,0.5428523583152791,12.9247824625214,1.263157894736842,0.5480769230769231,1.3693000078201294,6.661080993352355,1.3038404810405295,0.9147198202212335,0.9886987884714205,0.013793103448275862,1.0011068556220266,-0.5428523583152791,-1.263157894736842,-0.5480769230769231,-0.9147198202212335,-0.9886987884714205
keep/20260623_2_pos1__highmag_1_set2.png,20260623,2_pos1__highmag_1_,2.0,9,False,3.1622776601683795,0.3060707781815082,12.677539272050057,1.95,1.0955710955710956,0.0,8.864536084872123,2.220360331117452,0.8954067664048493,0.9887388029686139,0.005271084337349397,1.0141741884677986,-0.3060707781815082,-1.95,-1.0955710955710956,-0.8954067664048493,-0.9887388029686139
keep/20260623_2_pos1__highmag_2_set0.png,20260623,2_pos1__highmag_2_,0.0,9,False,0.5,0.7322754837045586,1.0000000095367432,2.6666666666666665,0.8,0.0,1.3038404810405295,0.4,0.8827168533584712,0.9873016299302153,0.05896043444530644,0.5290470506146883,-0.7322754837045586,-2.6666666666666665,-0.8,-0.8827168533584712,-0.9873016299302153
keep/20260623_2_pos1__highmag_3_set0.png,20260623,2_pos1__highmag_3_,0.0,9,False,1.25,0.7846429647824643,1.902629762020157,2.4444444444444446,0.8636363636363635,1.3693000078201294,1.8027756377319948,0.447213595499958,0.8092643990354862,0.9823397662472888,0.069713400464756,0.8382689453883434,-0.7846429647824643,-2.4444444444444446,-0.8636363636363635,-0.8092643990354862,-0.9823397662472888
keep/20260623_2_pos1__highmag_3_set1.png,20260623,2_pos1__highmag_3_,1.0,9,False,2.0615528128088303,0.6427560832125244,5.6044625103928,0.8823529411764706,0.7083333333333334,0.0,3.114482300479488,0.7211102550927979,0.9088559062914483,0.9861946012864767,0.03379416282642089,0.7944763045497918,-0.6427560832125244,-0.8823529411764706,-0.7083333333333334,-0.9088559062914483,-0.9861946012864767
keep/20260623_2_pos1__highmag_3_set2.png,20260623,2_pos1__highmag_3_,2.0,9,False,2.3048861143232218,0.5145649587006665,4.949747522253799,1.2666666666666666,1.0714285714285716,0.9549999833106996,2.2,0.5099019513592785,0.8996337008783957,0.9871589527323863,0.0401819560272934,0.9577922150691462,-0.5145649587006665,-1.2666666666666666,-1.0714285714285716,-0.8996337008783957,-0.9871589527323863
keep/20260623_2_pos1__highmag_4_set0.png,20260623,2_pos1__highmag_4_,0.0,9,False,1.6770509831248424,0.7522790893234307,3.9319206003938394,1.1666666666666667,1.2857142857142856,0.0,1.711724276862369,0.5385164807134505,0.7547031059621636,0.9856327375163079,0.184984520123839,0.4454434778631893,-0.7522790893234307,-1.1666666666666667,-1.2857142857142856,-0.7547031059621636,-0.9856327375163079
keep/20260623_2_pos1__highmag_4_set1.png,20260623,2_pos1__highmag_4_,1.0,9,False,2.5,0.5973309676989949,1.513274642110646,0.7156862745098039,1.197651663405088,0.9549999833106996,1.7117242768623688,0.9055385138137416,0.7892431822506083,0.9797617170476389,0.02050113895216401,0.668897767812364,-0.5973309676989949,-0.7156862745098039,-1.197651663405088,-0.7892431822506083,-0.9797617170476389
keep/20260623_2_pos1__highmag_5_set0.png,20260623,2_pos1__highmag_5_,0.0,9,False,3.010398644698074,0.739420405019098,1.5000000447034836,0.85,0.7894736842105263,0.0,2.3853720883753127,2.4041630560342613,0.6688975590673001,0.9819054620217197,0.03590527119938885,0.5462028143318651,-0.739420405019098,-0.85,-0.7894736842105263,-0.6688975590673001,-0.9819054620217197
keep/20260623_2_pos1__highmag_5_set1.png,20260623,2_pos1__highmag_5_,1.0,2,True,3.051638903933425,0.5997841308131032,1.299999940395355,1.8571428571428568,1.0769230769230769,2.3243000507354736,1.1000000000000014,1.9026297590440449,0.8700117230316361,0.9877606648165767,0.03215926493108729,0.5846142482016894,-0.5997841308131032,-1.8571428571428568,-1.0769230769230769,-0.8700117230316361,-0.9877606648165767
keep/20260623_2_pos1__highmag_5_set2.png,20260623,2_pos1__highmag_5_,2.0,9,False,3.400367627183861,0.5256002671542945,1.199999976158142,1.868131868131868,0.8170278637770898,1.3693000078201294,1.8248287590894656,0.1414213562373095,0.8610110860047295,0.9877860209329787,0.0060790273556231,0.6430992750428779,-0.5256002671542945,-1.868131868131868,-0.8170278637770898,-0.8610110860047295,-0.9877860209329787
keep/20260623_2_pos1__highmag_6_set0.png,20260623,2_pos1__highmag_6_,0.0,9,False,3.2015621187164243,0.6759082918472902,0.8062257805594657,1.6153846153846154,1.0974025974025974,0.9549999833106996,0.8062257748298548,0.1414213562373095,0.8648036911978602,0.988335619591725,0.11085626911314984,0.4707220637743246,-0.6759082918472902,-1.6153846153846154,-1.0974025974025974,-0.8648036911978602,-0.988335619591725
keep/20260623_2_pos1__highmag_6_set1.png,20260623,2_pos1__highmag_6_,1.0,9,False,5.350233639758174,0.527289662478981,1.2041594596116931,0.8823529411764706,0.6725274725274726,0.0,0.6403124237432848,0.2,0.9362680788095478,0.9875573712113004,0.042682926829268296,0.5860957249200167,-0.527289662478981,-0.8823529411764706,-0.6725274725274726,-0.9362680788095478,-0.9875573712113004
keep/20260623_2_pos1__highmag_7_set0.png,20260623,2_pos1__highmag_7_,0.0,9,False,2.57390753524675,0.7669320663657413,0.4242640708192708,1.5,1.0,0.0,0.6403124237432849,0.6082762530298219,0.8819174782610311,0.9858287840272346,0.01064638783269962,0.5855679564438312,-0.7669320663657413,-1.5,-1.0,-0.8819174782610311,-0.9858287840272346
keep/20260623_2_pos1__highmag_7_set1.png,20260623,2_pos1__highmag_7_,1.0,9,False,1.118033988749895,0.6795786076914189,3.705401462729781,1.7941176470588236,0.7773943054357204,0.0,1.60312195418814,0.4,0.7807993815915448,0.9865191842065151,0.03051106025934401,0.6538656331852618,-0.6795786076914189,-1.7941176470588236,-0.7773943054357204,-0.7807993815915448,-0.9865191842065151
keep/20260623_2_pos1__highmag_7_set2.png,20260623,2_pos1__highmag_7_,2.0,9,False,1.5811388300841898,0.6564504412023843,1.5132745728864856,2.375,0.5726315789473685,0.0,0.5099019513592786,0.316227766016838,0.8580248670380974,0.984208051722466,0.016704631738800303,0.65185518844187,-0.6564504412023843,-2.375,-0.5726315789473685,-0.8580248670380974,-0.984208051722466
keep/20260623_3_pos1__highmag_2_set0.png,20260623,3_pos1__highmag_2_,0.0,9,False,1.25,0.7492785881703642,1.5000000178813937,1.7575757575757576,0.9347290640394088,0.9549999833106996,1.118033988749895,0.848528137423857,0.9678578738112356,0.9910526177619983,0.01753048780487805,0.7938687141474474,-0.7492785881703642,-1.7575757575757576,-0.9347290640394088,-0.9678578738112356,-0.9910526177619983
keep/20260623_3_pos1__highmag_2_set1.png,20260623,3_pos1__highmag_2_,1.0,9,False,1.5811388300841898,0.695958140028304,3.401470262847821,1.64,0.8581752484191509,1.3693000078201294,1.1,0.223606797749979,0.8403035290929513,0.9678920938141287,0.0,0.8064657108913011,-0.695958140028304,-1.64,-0.8581752484191509,-0.8403035290929513,-0.9678920938141287
keep/20260623_3_pos1__highmag_2_set2.png,20260623,3_pos1__highmag_2_,2.0,9,False,3.5794552658190883,0.7014631128038784,9.264987860544036,1.9230769230769231,0.8899999999999999,0.0,4.957822102496216,6.5,0.8707470678865928,0.9828133625472686,0.008358662613981762,0.7891813276676636,-0.7014631128038784,-1.9230769230769231,-0.8899999999999999,-0.8707470678865928,-0.9828133625472686
keep/20260623_3_pos1__highmag_3_set0.png,20260623,3_pos1__highmag_3_,0.0,9,False,1.25,0.5544266389562191,0.5830952004733007,1.6363636363636365,0.8600823045267489,4.648600101470947,2.0396078054371145,0.316227766016838,0.8135585156133719,0.983972233222149,0.14001530221882172,0.8362870955332513,-0.5544266389562191,-1.6363636363636365,-0.8600823045267489,-0.8135585156133719,-0.983972233222149
keep/20260623_3_pos1__highmag_5_set0.png,20260623,3_pos1__highmag_5_,0.0,9,False,1.9525624189766635,0.7866642405295905,1.1045361181775963,2.5,0.8307692307692308,3.2792999744415283,1.2,0.316227766016838,0.9292777295131507,0.9783273990909476,0.0408781226343679,1.0587893542931355,-0.7866642405295905,-2.5,-0.8307692307692308,-0.9292777295131507,-0.9783273990909476
keep/20260623_3_pos1__highmag_5_set1.png,20260623,3_pos1__highmag_5_,1.0,9,False,1.600781059358212,0.6511669599480271,0.5099019557428156,2.333333333333333,0.5714285714285714,0.0,1.992485884517127,0.4123105625617661,0.9000398656018805,0.9830684716740191,0.00975975975975976,1.1447316456014338,-0.6511669599480271,-2.333333333333333,-0.5714285714285714,-0.9000398656018805,-0.9830684716740191
keep/20260623_3_pos1__highmag_5_set2.png,20260623,3_pos1__highmag_5_,2.0,9,False,1.6770509831248424,0.5626942641434914,4.501110997773628,1.411764705882353,0.4958333333333333,0.0,1.1401754250991378,1.2206555615733703,0.899679020459249,0.9836371763384087,0.0,1.1458239306206073,-0.5626942641434914,-1.411764705882353,-0.4958333333333333,-0.899679020459249,-0.9836371763384087
keep/20260623_3_pos1__highmag_6_set0.png,20260623,3_pos1__highmag_6_,0.0,9,False,3.132491021535417,0.8803133702580076,1.252996419317346,1.375,1.1550802139037433,0.0,0.3162277660168379,0.9433981132056604,0.7648764362938206,0.9825088353854421,0.0,1.256032732430807,-0.8803133702580076,-1.375,-1.1550802139037433,-0.7648764362938206,-0.9825088353854421
keep/20260623_3_pos1__highmag_6_set1.png,20260623,3_pos1__highmag_6_,1.0,9,False,2.0155644370746373,0.8469416137533183,0.5385164868010179,2.555555555555556,0.5719063545150502,2.3243000507354736,0.4,0.223606797749979,0.886712032546204,0.9852268567687539,0.015163002274450341,1.4008966589327994,-0.8469416137533183,-2.555555555555556,-0.5719063545150502,-0.886712032546204,-0.9852268567687539
keep/20260623_3_pos1__highmag_6_set2.png,20260623,3_pos1__highmag_6_,2.0,9,False,2.692582403567252,0.7481936456176981,1.0295630154012958,1.588235294117647,1.01440329218107,0.0,1.019803902718557,0.2236067977499789,0.8852186273835633,0.9884913183660602,0.010606060606060607,1.2363011993029844,-0.7481936456176981,-1.588235294117647,-1.01440329218107,-0.8852186273835633,-0.9884913183660602
keep/20260623_3_pos1__highmag_7_set0.png,20260623,3_pos1__highmag_7_,0.0,9,False,1.9525624189766635,0.6913695437804547,3.1575306476874805,1.5,1.0196078431372548,1.3693000078201294,2.3194827009486403,0.7211102550927979,0.863244087792317,0.989896134415982,0.0,0.9720802572790954,-0.6913695437804547,-1.5,-1.0196078431372548,-0.863244087792317,-0.989896134415982
keep/20260623_3_pos1__highmag_7_set2.png,20260623,3_pos1__highmag_7_,2.0,9,False,3.051638903933425,0.5831824714233846,1.0770329653008075,1.6521739130434785,0.8776315789473684,0.9549999833106996,0.4242640687119284,0.223606797749979,0.8927660938863767,0.9897223298397558,0.0060790273556231,1.0272135435428773,-0.5831824714233846,-1.6521739130434785,-0.8776315789473684,-0.8927660938863767,-0.9897223298397558
keep/20260623_4_pos1__highmag_1_set0.png,20260623,4_pos1__highmag_1_,0.0,9,False,1.6770509831248424,0.7940692441736941,1.1180339799534125,0.5714285714285714,0.7556818181818182,0.0,1.5,0.3605551275463989,0.735546184937273,0.9896723664601335,0.058958652373660034,0.6458048681665698,-0.7940692441736941,-0.5714285714285714,-0.7556818181818182,-0.735546184937273,-0.9896723664601335
keep/20260623_4_pos1__highmag_1_set1.png,20260623,4_pos1__highmag_1_,1.0,9,False,2.0155644370746373,0.726337478278404,1.2083046094451002,1.3870967741935485,1.0381395348837208,0.0,2.4186773244895647,0.3999999999999999,0.8588069912326359,0.9866251604156573,0.10675883256528418,0.6728207897028847,-0.726337478278404,-1.3870967741935485,-1.0381395348837208,-0.8588069912326359,-0.9866251604156573
keep/20260623_4_pos1__highmag_1_set2.png,20260623,4_pos1__highmag_1_,2.0,9,False,3.473110997362451,0.6162153234959478,0.8062257792656828,2.0,0.8888888888888888,0.0,0.5000000000000004,0.1414213562373095,0.8372059421433873,0.985600326006246,0.14690130068859986,0.6738647484731646,-0.6162153234959478,-2.0,-0.8888888888888888,-0.8372059421433873,-0.985600326006246
keep/20260623_4_pos1__highmag_2_set0.png,20260623,4_pos1__highmag_2_,0.0,9,False,2.0,0.7584516677895065,1.1000000178813931,3.6666666666666665,1.090909090909091,0.0,0.608276253029822,0.4242640687119285,0.9497635407758849,0.9906017831251872,0.039634146341463415,1.079733976069607,-0.7584516677895065,-3.6666666666666665,-1.090909090909091,-0.9497635407758849,-0.9906017831251872
keep/20260623_4_pos1__highmag_2_set1.png,20260623,4_pos1__highmag_2_,1.0,9,False,1.118033988749895,0.7235876287133568,3.301514803843836,0.8181818181818182,0.8148148148148148,0.9549999833106996,0.7615773105863908,3.3301651610693423,0.8520562972441093,0.9885791520087202,0.031818181818181815,1.094959949833641,-0.7235876287133568,-0.8181818181818182,-0.8148148148148148,-0.8520562972441093,-0.9885791520087202
keep/20260623_4_pos1__highmag_2_set2.png,20260623,4_pos1__highmag_2_,2.0,9,False,2.3048861143232218,0.5601943126693177,6.70074629861799,1.5,0.8888888888888888,0.0,4.011234224026316,0.4,0.8693254162948688,0.9861159207192164,0.04940119760479042,1.2449585067537747,-0.5601943126693177,-1.5,-0.8888888888888888,-0.8693254162948688,-0.9861159207192164
keep/20260623_4_pos1__highmag_3_set0.png,20260623,4_pos1__highmag_3_,0.0,9,False,1.7677669529663689,0.8658002634118837,0.5099019560350514,2.0,0.5862068965517241,2.738600015640259,0.4472135954999578,0.282842712474619,0.9154923360724655,0.9876853107699846,0.009796533534287867,0.9547991346286276,-0.8658002634118837,-2.0,-0.5862068965517241,-0.9154923360724655,-0.9876853107699846
keep/20260623_4_pos1__highmag_4_set0.png,20260623,4_pos1__highmag_4_,0.0,9,False,0.25,0.6974490112817002,0.806225786658729,1.6153846153846154,0.9285714285714286,0.0,2.102379604162864,0.608276253029822,0.846470966177868,0.9870996773924183,0.018433179723502304,0.8111412595608621,-0.6974490112817002,-1.6153846153846154,-0.9285714285714286,-0.846470966177868,-0.9870996773924183
keep/20260623_4_pos1__highmag_4_set1.png,20260623,4_pos1__highmag_4_,1.0,9,False,1.8027756377319943,0.5465985843945542,2.109502311538005,1.2692307692307692,1.0411255411255411,0.0,0.3605551275463992,1.91049731745428,0.6143627505688782,0.9801175603915186,0.041635124905374715,0.8092020516241691,-0.5465985843945542,-1.2692307692307692,-1.0411255411255411,-0.6143627505688782,-0.9801175603915186
keep/20260623_4_pos1__highmag_4_set2.png,20260623,4_pos1__highmag_4_,2.0,9,False,2.3717082451262845,0.583227229028106,2.647640465334488,0.8780487804878049,0.7524801587301587,0.9549999833106996,2.433105012119288,0.1414213562373095,0.8021029141867514,0.98549463392475,0.0197869101978691,0.8775556635548525,-0.583227229028106,-0.8780487804878049,-0.7524801587301587,-0.8021029141867514,-0.98549463392475
keep/20260623_4_pos1__highmag_5_set0.png,20260623,4_pos1__highmag_5_,0.0,9,False,0.5,0.6404779863803981,2.999999961555004,4.111111111111111,1.0945945945945947,0.0,1.9313207915827963,0.223606797749979,0.9035330478466929,0.9820598129884659,0.028592927012791574,1.3290130770331805,-0.6404779863803981,-4.111111111111111,-1.0945945945945947,-0.9035330478466929,-0.9820598129884659
keep/20260623_4_pos1__highmag_5_set1.png,20260623,4_pos1__highmag_5_,1.0,9,False,1.0606601717798212,0.6415586312566255,3.801315633289663,0.9696969696969696,0.5671875000000001,3.2792999744415283,2.1,0.447213595499958,0.7095828821972116,0.9802690100001994,0.01902587519025875,1.3829629765139617,-0.6415586312566255,-0.9696969696969696,-0.5671875000000001,-0.7095828821972116,-0.9802690100001994
keep/20260623_4_pos1__highmag_5_set2.png,20260623,4_pos1__highmag_5_,2.0,9,False,1.118033988749895,0.5488271252287181,2.716615580605505,2.909090909090909,0.2241847826086956,0.9549999833106996,1.118033988749895,0.3162277660168379,0.8107031512074031,0.9770274565861657,0.0,1.2878748777781763,-0.5488271252287181,-2.909090909090909,-0.2241847826086956,-0.8107031512074031,-0.9770274565861657
keep/20260623_4_pos1__highmag_6_set0.png,20260623,4_pos1__highmag_6_,0.0,9,False,1.4577379737113252,0.6880482363745617,1.1045360883627573,0.3243243243243243,0.859775641025641,0.0,0.2236067977499789,0.316227766016838,0.6739651894338823,0.9811568476313599,0.06355283307810107,0.6159207826260636,-0.6880482363745617,-0.3243243243243243,-0.859775641025641,-0.6739651894338823,-0.9811568476313599
keep/20260623_4_pos1__highmag_6_set1.png,20260623,4_pos1__highmag_6_,1.0,9,False,2.6575364531836625,0.6853213114360655,0.500000001490116,1.4615384615384617,0.9350877192982456,0.0,0.5099019513592784,0.4123105625617661,0.78688651025456,0.9560038455251697,0.10426179604261795,0.6339900625150828,-0.6853213114360655,-1.4615384615384617,-0.9350877192982456,-0.78688651025456,-0.9560038455251697
keep/20260623_5_pos1__highmag_1_set0.png,20260623,5_pos1__highmag_1_,0.0,9,False,2.0155644370746373,0.6109767874044212,11.031772261405862,0.7959183673469388,0.6997728010386238,0.0,7.710382610480494,7.723341245859852,0.9035498502273385,0.9806527768914068,0.0,1.1803623933027905,-0.6109767874044212,-0.7959183673469388,-0.6997728010386238,-0.9035498502273385,-0.9806527768914068
keep/20260623_5_pos1__highmag_2_set0.png,20260623,5_pos1__highmag_2_,0.0,9,False,1.25,0.8006171348076138,2.402082428838279,3.142857142857143,0.7727272727272727,0.0,1.1999999999999995,0.223606797749979,0.8602504110799009,0.9848971675375384,0.0,1.3787714799209643,-0.8006171348076138,-3.142857142857143,-0.7727272727272727,-0.8602504110799009,-0.9848971675375384
keep/20260623_5_pos1__highmag_2_set1.png,20260623,5_pos1__highmag_2_,1.0,9,False,2.1505813167606567,0.682614213864172,11.720068454884276,0.9411764705882352,0.8333333333333334,1.909999966621399,6.200806399170998,0.6082762530298219,0.768388190517663,0.9830848013011478,0.003770739064856712,1.5314442358197986,-0.682614213864172,-0.9411764705882352,-0.8333333333333334,-0.768388190517663,-0.9830848013011478
keep/20260623_5_pos1__highmag_3_set0.png,20260623,5_pos1__highmag_3_,0.0,9,False,1.6770509831248424,0.7568713533802695,1.0049875815357334,3.4,1.0588235294117647,0.0,0.2236067977499789,0.223606797749979,0.9611477132782938,0.9897928260363482,0.0487062404870624,1.0356064462856902,-0.7568713533802695,-3.4,-1.0588235294117647,-0.9611477132782938,-0.9897928260363482
keep/20260623_5_pos1__highmag_3_set1.png,20260623,5_pos1__highmag_3_,1.0,9,False,2.549509756796392,0.6334830551557177,6.174139511910926,1.2727272727272727,1.1785714285714286,0.0,3.8,0.6324555320336759,0.9073153449528651,0.9890194812688581,0.05359877488514548,0.8605955134410624,-0.6334830551557177,-1.2727272727272727,-1.1785714285714286,-0.9073153449528651,-0.9890194812688581
keep/20260623_5_pos1__highmag_3_set2.png,20260623,5_pos1__highmag_3_,2.0,9,False,3.2882366094914763,0.5342694825560569,12.093386530404398,1.0789473684210529,1.5060975609756098,0.0,5.748912940721924,1.40356688476182,0.8397559185884742,0.9888010056272294,0.028136882129277566,1.0236246168996543,-0.5342694825560569,-1.0789473684210529,-1.5060975609756098,-0.8397559185884742,-0.9888010056272294
keep/20260623_5_pos1__highmag_4_set0.png,20260623,5_pos1__highmag_4_,0.0,9,False,1.5206906325745548,0.8126025189998016,1.334166443046601,1.8888888888888888,0.585139318885449,1.3693000078201294,1.0440306508910548,1.004987562112089,0.7772607605661266,0.9864857149543841,0.0,1.342962961322985,-0.8126025189998016,-1.8888888888888888,-0.585139318885449,-0.7772607605661266,-0.9864857149543841
keep/20260623_5_pos1__highmag_4_set1.png,20260623,5_pos1__highmag_4_,1.0,2,True,1.274754878398196,0.5931145989059198,2.499999997019768,3.0,0.8333333333333334,36.70429992675781,1.0049875621120887,1.91049731745428,0.9385584528470788,0.981305695624183,0.003067484662576687,1.2876824313143944,-0.5931145989059198,-3.0,-0.8333333333333334,-0.9385584528470788,-0.981305695624183
keep/20260623_5_pos1__highmag_5_set0.png,20260623,5_pos1__highmag_5_,0.0,9,False,1.9525624189766635,0.8494181755792938,2.022374888992873,2.526315789473684,0.6597222222222223,0.9549999833106996,0.761577310586391,0.5099019513592785,0.9293325537961867,0.9845418447978069,0.0463173880030372,0.9894932817843852,-0.8494181755792938,-2.526315789473684,-0.6597222222222223,-0.9293325537961867,-0.9845418447978069
keep/20260623_5_pos1__highmag_5_set1.png,20260623,5_pos1__highmag_5_,1.0,9,False,3.335416016031584,0.6154888307929808,2.280350851766578,1.9166666666666667,0.7485822306238185,0.0,1.2041594578792296,0.316227766016838,0.8764639852484286,0.9865442072909689,0.0748663101604278,0.9774905558355688,-0.6154888307929808,-1.9166666666666667,-0.7485822306238185,-0.8764639852484286,-0.9865442072909689
keep/20260623_5_pos1__highmag_5_set2.png,20260623,5_pos1__highmag_5_,2.0,9,False,2.9154759474226504,0.7529590022544655,5.423098751667121,1.2470588235294118,1.2996096291476902,1.3693000078201294,0.4123105625617659,2.302172886644268,0.8535399460015133,0.9867140707130477,0.031131359149582385,0.9181194078163307,-0.7529590022544655,-1.2470588235294118,-1.2996096291476902,-0.8535399460015133,-0.9867140707130477
keep/20260623_5_pos1__highmag_6_set0.png,20260623,5_pos1__highmag_6_,0.0,9,False,1.5206906325745548,0.6204511459047811,10.417293287964243,1.1794871794871795,0.7296863863150391,1.909999966621399,5.108815909777919,0.7071067811865476,0.8755786890411483,0.9829010928159276,0.0075528700906344415,1.0010715785514153,-0.6204511459047811,-1.1794871794871795,-0.7296863863150391,-0.8755786890411483,-0.9829010928159276
keep/20260623_5_pos1__highmag_6_set1.png,20260623,5_pos1__highmag_6_,1.0,9,False,3.8078865529319534,0.4882136071234136,5.500909017306986,2.888888888888889,1.0384615384615383,2.738600015640259,4.509988913511872,0.806225774829855,0.8740639651303842,0.9853084840839246,0.014328808446455505,1.4462623942234911,-0.4882136071234136,-2.888888888888889,-1.0384615384615383,-0.8740639651303842,-0.9853084840839246
keep/20260623_5_pos1__highmag_7_set0.png,20260623,5_pos1__highmag_7_,0.0,9,False,1.8027756377319943,0.6796226874971015,5.514526320845367,3.7,0.7459459459459459,0.0,0.8544003745317532,2.1095023109728985,0.8804148290031271,0.9751507296037265,0.03134556574923547,0.8392613620487319,-0.6796226874971015,-3.7,-0.7459459459459459,-0.8804148290031271,-0.9751507296037265
keep/20260623_5_pos1__highmag_7_set1.png,20260623,5_pos1__highmag_7_,1.0,2,True,1.118033988749895,0.7460584202356448,11.859595229273983,2.333333333333333,0.7987012987012986,15.062299728393556,5.315072906367325,0.5830951894845301,0.7502975818130984,0.9714873671018616,0.0897239263803681,0.8180781343033046,-0.7460584202356448,-2.333333333333333,-0.7987012987012986,-0.7502975818130984,-0.9714873671018616
keep/20260623_5_pos1__highmag_7_set2.png,20260623,5_pos1__highmag_7_,2.0,9,False,4.00780488547035,0.6171174088496086,11.194641487446155,3.0,0.9607843137254902,2.738600015640259,10.650821564555478,0.223606797749979,0.7333505616717769,0.9907165515125111,0.11755725190839694,0.818330034058693,-0.6171174088496086,-3.0,-0.9607843137254902,-0.7333505616717769,-0.9907165515125111
keep/20260623_6_pos1__highmag_1_set0.png,20260623,6_pos1__highmag_1_,0.0,9,False,0.9013878188659972,0.8050143985212652,2.473863378984659,2.5,1.2,0.0,63.96889869303676,52.35198181540027,0.915702758351509,0.9890439634108122,0.010630220197418374,1.2872125204804872,-0.8050143985212652,-2.5,-1.2,-0.915702758351509,-0.9890439634108122
keep/20260623_6_pos1__highmag_1_set1.png,20260623,6_pos1__highmag_1_,1.0,2,True,0.5,0.7170488110646891,0.8062257794505087,2.0,1.05,44.00020599365234,63.56917491992483,34.373972711922605,0.8341619278716883,0.9880161029040504,0.0,1.2773668146686876,-0.7170488110646891,-2.0,-1.05,-0.8341619278716883,-0.9880161029040504
keep/20260623_6_pos1__highmag_2_set0.png,20260623,6_pos1__highmag_2_,0.0,9,False,1.5,0.6741431207696588,1.5297058891461333,1.4285714285714286,1.015,0.0,0.7,1.0,0.8094953899762315,0.9804849182342915,0.0366412213740458,0.936693922440508,-0.6741431207696588,-1.4285714285714286,-1.015,-0.8094953899762315,-0.9804849182342915
keep/20260623_6_pos1__highmag_2_set1.png,20260623,6_pos1__highmag_2_,1.0,9,False,1.0606601717798212,0.6541734512804347,1.360147073661092,1.1785714285714286,0.8484848484848485,0.0,0.4123105625617661,0.316227766016838,0.8356210129536724,0.9864915555116585,0.004573170731707317,0.9494306056286329,-0.6541734512804347,-1.1785714285714286,-0.8484848484848485,-0.8356210129536724,-0.9864915555116585
keep/20260623_6_pos1__highmag_2_set2.png,20260623,6_pos1__highmag_2_,2.0,9,False,1.118033988749895,0.5851531981141015,11.610770742668844,3.1875,0.7947712418300653,0.0,4.850773134253962,3.753664875824692,0.944113624548754,0.9863141947631484,0.0,1.0463052756740543,-0.5851531981141015,-3.1875,-0.7947712418300653,-0.944113624548754,-0.9863141947631484
keep/20260623_6_pos1__highmag_3_set0.png,20260623,6_pos1__highmag_3_,0.0,9,False,1.0307764064044151,0.8217863250018779,1.4142135714346675,1.2222222222222223,1.1103896103896105,0.9549999833106996,0.9899494936611668,0.3162277660168379,0.8537382356978732,0.9880077150488,0.03272450532724505,1.0267323190194633,-0.8217863250018779,-1.2222222222222223,-1.1103896103896105,-0.8537382356978732,-0.9880077150488
keep/20260623_6_pos1__highmag_3_set1.png,20260623,6_pos1__highmag_3_,1.0,9,False,2.6575364531836625,0.6568304038336494,1.315294649914328,1.6,0.6818181818181818,0.0,1.2369316876852978,0.7071067811865475,0.8184633101912828,0.9885838679540979,0.017477203647416412,1.0717488129738721,-0.6568304038336494,-1.6,-0.6818181818181818,-0.8184633101912828,-0.9885838679540979
keep/20260623_6_pos1__highmag_3_set2.png,20260623,6_pos1__highmag_3_,2.0,9,False,1.9525624189766635,0.7091252659069863,0.5830951920400581,2.458333333333333,0.935593220338983,0.9549999833106996,0.608276253029822,0.5385164807134505,0.8045035162640386,0.9891245308161917,0.023700305810397553,1.0545525844080499,-0.7091252659069863,-2.458333333333333,-0.935593220338983,-0.8045035162640386,-0.9891245308161917
keep/20260623_6_pos1__highmag_4_set0.png,20260623,6_pos1__highmag_4_,0.0,9,False,2.3717082451262845,0.8466365346902418,2.308679240365611,0.8461538461538461,0.4220779220779221,1.3693000078201294,49.56652095921197,24.939326374222706,0.8191725118076746,0.9779546643219019,0.0,1.1771119920412445,-0.8466365346902418,-0.8461538461538461,-0.4220779220779221,-0.8191725118076746,-0.9779546643219019
keep/20260623_6_pos1__highmag_4_set1.png,20260623,6_pos1__highmag_4_,1.0,9,False,2.358495283014151,0.7213404158979293,3.1256999811135087,4.1,0.9370988446726574,0.0,78.34092161827049,29.65434200922354,0.8442267395450819,0.9819790402148459,0.0,1.2007633495392696,-0.7213404158979293,-4.1,-0.9370988446726574,-0.8442267395450819,-0.9819790402148459
keep/20260623_6_pos1__highmag_4_set2.png,20260623,6_pos1__highmag_4_,2.0,9,False,2.1505813167606567,0.7140092244825494,6.307138752667901,5.428571428571429,0.9342105263157894,0.0,61.61168720299745,30.513275799232044,0.9252624879402792,0.9882780448530359,0.011406844106463879,1.2560724834680355,-0.7140092244825494,-5.428571428571429,-0.9342105263157894,-0.9252624879402792,-0.9882780448530359
keep/20260623_6_pos1__highmag_5_set0.png,20260623,6_pos1__highmag_5_,0.0,9,False,1.346291201783626,0.8307303178779297,0.5656854270565804,1.12,0.6249999999999999,0.0,0.5,0.3162277660168379,0.8901643185102153,0.9897753587951919,0.04830188679245283,1.0073977116440733,-0.8307303178779297,-1.12,-0.6249999999999999,-0.8901643185102153,-0.9897753587951919
keep/20260623_6_pos1__highmag_5_set1.png,20260623,6_pos1__highmag_5_,1.0,9,False,1.8200274723201293,0.8039426645423574,1.2000000014901158,2.076923076923077,0.3912037037037036,0.0,0.1414213562373095,0.223606797749979,0.9573195100770138,0.9905194067097971,0.029118773946360154,1.0798690296570916,-0.8039426645423574,-2.076923076923077,-0.3912037037037036,-0.9573195100770138,-0.9905194067097971
keep/20260623_6_pos1__highmag_6_set0.png,20260623,6_pos1__highmag_6_,0.0,9,False,1.346291201783626,0.8023808813239313,0.3605551296128181,3.4375,0.7588932806324111,0.0,0.223606797749979,0.3,0.8914084443586997,0.9843786852964223,0.06133540372670807,0.42428385608570884,-0.8023808813239313,-3.4375,-0.7588932806324111,-0.8914084443586997,-0.9843786852964223
keep/20260623_6_pos1__highmag_6_set2.png,20260623,6_pos1__highmag_6_,2.0,9,False,1.8027756377319943,0.6630843523811232,7.600657961623122,1.4782608695652173,0.3204334365325077,0.9549999833106996,4.001249804748512,0.316227766016838,0.8327489850534816,0.986460519127337,0.08689024390243902,0.5105900840540388,-0.6630843523811232,-1.4782608695652173,-0.3204334365325077,-0.8327489850534816,-0.986460519127337
keep/20260701_pos1__highmag_1_set0.png,20260701,pos1__highmag_1_,0.0,9,False,1.0307764064044151,0.7124336580697687,4.459820583098768,3.0,0.6666666666666666,0.0,3.7161808352124095,3.5,0.9300006692679408,0.9375485641372778,0.05391804457225018,1.0820116648354317,-0.7124336580697687,-3.0,-0.6666666666666666,-0.9300006692679408,-0.9375485641372778
keep/20260701_pos1__highmag_1_set1.png,20260701,pos1__highmag_1_,1.0,9,False,0.7071067811865476,0.748784649253559,6.008327531701548,0.5833333333333334,1.0084033613445378,0.0,1.0770329614269012,2.8635642126552705,0.6549530608856308,0.9391310974553659,0.067618332081142,0.9483438745348165,-0.748784649253559,-0.5833333333333334,-1.0084033613445378,-0.6549530608856308,-0.9391310974553659
keep/20260701_pos1__highmag_1_set2.png,20260701,pos1__highmag_1_,2.0,9,False,0.5,0.6715332477364782,6.774215825075512,3.0,0.5833333333333334,0.0,3.83275357934736,1.3601470508735445,0.8776886230449132,0.9069003033302374,0.06640926640926641,1.0655233364847854,-0.6715332477364782,-3.0,-0.5833333333333334,-0.8776886230449132,-0.9069003033302374
keep/20260701_pos1__highmag_2_set0.png,20260701,pos1__highmag_2_,0.0,9,False,0.7905694150420949,0.8441189170128041,2.701851220254601,3.6666666666666665,0.8522727272727273,0.9549999833106996,1.8110770276274832,1.2999999999999998,0.933851226205305,0.9826687333175701,0.058602554470323066,1.093093911192692,-0.8441189170128041,-3.6666666666666665,-0.8522727272727273,-0.933851226205305,-0.9826687333175701
keep/20260701_pos1__highmag_2_set1.png,20260701,pos1__highmag_2_,1.0,9,False,0.3535533905932738,0.7694278512533085,6.870953551635547,1.6666666666666667,0.95,0.0,4.220189569201839,4.504442251822083,0.9103796980300666,0.9822029579640412,0.07180254300673149,1.19909095507656,-0.7694278512533085,-1.6666666666666667,-0.95,-0.9103796980300666,-0.9822029579640412
keep/20260701_pos1__highmag_2_set2.png,20260701,pos1__highmag_2_,2.0,9,False,1.0606601717798212,0.7412401711233737,3.606937778667224,2.7857142857142856,0.5874125874125875,0.0,2.7586228448267454,2.1095023109728985,0.8886120109187778,0.9667688639158816,0.0830130668716372,1.1371006766128735,-0.7412401711233737,-2.7857142857142856,-0.5874125874125875,-0.8886120109187778,-0.9667688639158816
keep/20260701_pos1__highmag_2_set3.png,20260701,pos1__highmag_2_,3.0,9,False,1.8200274723201293,0.7801457938071821,4.788527927589194,3.6666666666666665,0.8181818181818182,1.3693000078201294,1.0,3.255764119219941,0.8866326048440416,0.9739873358201818,0.08257575757575758,1.088676899866914,-0.7801457938071821,-3.6666666666666665,-0.8181818181818182,-0.8866326048440416,-0.9739873358201818
keep/20260701_pos1__highmag_3_set0.png,20260701,pos1__highmag_3_,0.0,9,False,1.118033988749895,0.9518498880085652,1.802775658561501,2.333333333333333,1.0,0.0,1.1704699910719627,0.316227766016838,0.950194701906991,0.9852919755686067,0.11127819548872181,1.0978517159434156,-0.9518498880085652,-2.333333333333333,-1.0,-0.950194701906991,-0.9852919755686067
keep/20260701_pos1__highmag_3_set1.png,20260701,pos1__highmag_3_,1.0,9,False,3.092329219213245,0.9056059566297856,3.176475945347564,3.232142857142857,0.6680682540458611,1.3693000078201294,1.16619037896906,1.3152946437965904,0.916141612616197,0.9847209741400422,0.13358778625954199,1.0084879955111907,-0.9056059566297856,-3.232142857142857,-0.6680682540458611,-0.916141612616197,-0.9847209741400422
keep/20260701_pos1__highmag_3_set2.png,20260701,pos1__highmag_3_,2.0,9,False,6.823672031978091,0.8442117025134594,3.8897300677553446,6.0,0.5833333333333334,0.9549999833106996,4.1182520563948,2.353720459187964,0.9505537188586592,0.9851463258384802,0.0946969696969697,1.0124312122252737,-0.8442117025134594,-6.0,-0.5833333333333334,-0.9505537188586592,-0.9851463258384802
keep/20260701_pos1__highmag_4_set0.png,20260701,pos1__highmag_4_,0.0,9,False,1.25,0.8405482786215147,5.614267586715983,2.25,1.0,0.0,2.6248809496813377,0.5385164807134504,0.774025137494404,0.9645013890129026,0.1353211009174312,0.726617086867121,-0.8405482786215147,-2.25,-1.0,-0.774025137494404,-0.9645013890129026
keep/20260701_pos1__highmag_4_set1.png,20260701,pos1__highmag_4_,1.0,9,False,1.5,0.7126461906805732,5.360037520249733,2.571428571428572,0.9444444444444444,0.9549999833106996,1.9646882704388504,0.4242640687119285,0.4096384755250589,0.8905593508573452,0.07844630616907845,0.695619270225875,-0.7126461906805732,-2.571428571428572,-0.9444444444444444,-0.4096384755250589,-0.8905593508573452
keep/20260701_pos1__highmag_4_set2.png,20260701,pos1__highmag_4_,2.0,9,False,2.7613402542968157,0.6565985372915828,9.52732928893934,1.5,0.6666666666666666,0.0,4.997999599839919,1.0,0.6114513962981776,0.9573677546236871,0.14166031987814165,0.7290873048037044,-0.6565985372915828,-1.5,-0.6666666666666666,-0.6114513962981776,-0.9573677546236871
keep/20260701_pos1__highmag_5_set0.png,20260701,pos1__highmag_5_,0.0,9,False,1.6770509831248424,0.6989336411460483,6.212889874580288,2.0,1.0,0.0,2.729468812791236,0.5385164807134505,0.757489024640033,0.9724745182539629,0.11305007587253414,0.590948061452984,-0.6989336411460483,-2.0,-1.0,-0.757489024640033,-0.9724745182539629
keep/20260701_pos1__highmag_5_set1.png,20260701,pos1__highmag_5_,1.0,9,False,1.8200274723201293,0.666885749791693,6.307138753093167,1.0555555555555556,0.8612440191387559,0.9549999833106996,3.7363083384538807,0.4242640687119285,0.8239385026424939,0.9759723028424385,0.06912442396313365,0.5950481758765364,-0.666885749791693,-1.0555555555555556,-0.8612440191387559,-0.8239385026424939,-0.9759723028424385
keep/20260701_pos1__highmag_5_set2.png,20260701,pos1__highmag_5_,2.0,9,False,1.9039432764659767,0.6393748304537392,5.700877125469552,3.034482758620689,0.8238636363636364,3.2792999744415283,3.705401462729781,0.316227766016838,0.7983378868549539,0.9772317533124628,0.0855614973262032,0.6377754251436651,-0.6393748304537392,-3.034482758620689,-0.8238636363636364,-0.7983378868549539,-0.9772317533124628
keep/20260701_pos1__highmag_5_set3.png,20260701,pos1__highmag_5_,3.0,9,False,1.7677669529663689,0.5515621324841429,6.129437200913896,1.3,0.5982905982905983,1.3693000078201294,4.741307836451879,0.5,0.758748646998069,0.9773425124831097,0.07910906298003072,0.5994782054616568,-0.5515621324841429,-1.3,-0.5982905982905983,-0.758748646998069,-0.9773425124831097
keep/20260701_pos1__highmag_6_set0.png,20260701,pos1__highmag_6_,0.0,9,False,1.274754878398196,0.8179523596193512,5.135172742488951,1.3333333333333333,1.0,0.0,1.334166406412634,3.939543120718442,0.8198336380596238,0.84971762011228,0.054573405073020755,0.9975319832003402,-0.8179523596193512,-1.3333333333333333,-1.0,-0.8198336380596238,-0.84971762011228
keep/20260701_pos1__highmag_6_set1.png,20260701,pos1__highmag_6_,1.0,9,False,1.0606601717798212,0.8035267584475619,3.773592412071028,1.0,1.3333333333333333,0.0,3.55105618091294,0.7999999999999999,0.7105315361624667,0.8443727002872543,0.03269961977186312,1.0404772418392547,-0.8035267584475619,-1.0,-1.3333333333333333,-0.7105315361624667,-0.8443727002872543
keep/20260701_pos1__highmag_6_set2.png,20260701,pos1__highmag_6_,2.0,9,False,1.4577379737113252,0.7661332587463356,4.738143094337341,1.5,0.9444444444444444,0.0,1.60312195418814,3.8897300677553446,0.7462538027375842,0.8646141383279751,0.08861726508785332,0.9104569212700213,-0.7661332587463356,-1.5,-0.9444444444444444,-0.7462538027375842,-0.8646141383279751
keep/20260701_pos1__highmag_6_set3.png,20260701,pos1__highmag_6_,3.0,9,False,2.25,0.7298391185096839,9.512623199982183,2.0,1.0,0.9549999833106996,3.66742416417845,4.738143096192852,0.7794289694466111,0.9151629152930563,0.07698113207547169,0.9660555598239421,-0.7298391185096839,-2.0,-1.0,-0.7794289694466111,-0.9151629152930563
keep/20260701_pos2__highmag_1_set0.png,20260701,pos2__highmag_1_,0.0,9,False,1.346291201783626,0.7625846479733123,2.601922372493948,2.333333333333333,0.8571428571428571,0.0,2.4083189157584592,0.3,0.8564650378363763,0.9541709516198718,0.08742331288343558,0.6992964830466926,-0.7625846479733123,-2.333333333333333,-0.8571428571428571,-0.8564650378363763,-0.9541709516198718
keep/20260701_pos2__highmag_1_set1.png,20260701,pos2__highmag_1_,1.0,9,False,0.5590169943749475,0.7242983636382009,5.056678665153604,1.3333333333333333,1.0,2.3243000507354736,4.301162633521313,2.002498439450078,0.8441872521918112,0.9525629583600128,0.0703902065799541,0.6825981118555619,-0.7242983636382009,-1.3333333333333333,-1.0,-0.8441872521918112,-0.9525629583600128
keep/20260701_pos2__highmag_1_set2.png,20260701,pos2__highmag_1_,2.0,9,False,1.8200274723201293,0.7472672595036347,1.3416408131558812,0.6666666666666666,1.3333333333333333,0.0,0.4472135954999575,0.8999999999999999,0.8958664881883321,0.9541222398192288,0.07616146230007616,0.6904323774503801,-0.7472672595036347,-0.6666666666666666,-1.3333333333333333,-0.8958664881883321,-0.9541222398192288
keep/20260701_pos2__highmag_2_set0.png,20260701,pos2__highmag_2_,0.0,9,False,1.8200274723201293,0.9181721254721804,3.2062439084692307,3.0,0.787878787878788,0.0,1.3,1.5524174696260025,0.9220564573448211,0.9766622271718508,0.08108108108108109,0.8351556956564907,-0.9181721254721804,-3.0,-0.787878787878788,-0.9220564573448211,-0.9766622271718508
keep/20260701_pos2__highmag_2_set1.png,20260701,pos2__highmag_2_,1.0,9,False,2.704163456597992,0.6418312233830257,3.7121422622975646,3.875,0.6212664277180406,0.0,2.7,5.903388857258177,0.9162443653543894,0.9721576455860932,0.07769230769230769,0.7520740718989738,-0.6418312233830257,-3.875,-0.6212664277180406,-0.9162443653543894,-0.9721576455860932
keep/20260701_pos2__highmag_2_set2.png,20260701,pos2__highmag_2_,2.0,9,False,1.0307764064044151,0.8635292940122851,10.720074535531545,1.125,0.9411764705882352,1.909999966621399,2.4515301344262523,2.8442925306655784,0.8988232232742548,0.9740216652524163,0.05517241379310345,0.8111610834208156,-0.8635292940122851,-1.125,-0.9411764705882352,-0.8988232232742548,-0.9740216652524163
keep/20260701_pos2__highmag_2_set3.png,20260701,pos2__highmag_2_,3.0,9,False,2.3717082451262845,0.8652474785503171,4.887739812871311,1.181818181818182,0.9565217391304348,4.107900142669678,3.3060550509633075,0.4123105625617661,0.864134245229812,0.9649172308495182,0.07421576128538639,0.8208109765931634,-0.8652474785503171,-1.181818181818182,-0.9565217391304348,-0.864134245229812,-0.9649172308495182
keep/20260701_pos2__highmag_3_set0.png,20260701,pos2__highmag_3_,0.0,2,True,1.5811388300841898,0.9124595185034576,2.501999208203102,1.0909090909090908,0.8333333333333334,13.657899856567385,2.433105012119288,0.3605551275463989,0.8021373412195778,0.9770542671738844,0.031578947368421054,0.9100015224938227,-0.9124595185034576,-1.0909090909090908,-0.8333333333333334,-0.8021373412195778,-0.9770542671738844
keep/20260701_pos2__highmag_3_set1.png,20260701,pos2__highmag_3_,1.0,9,False,2.3048861143232218,0.9021936026051552,2.236067974567629,1.7,0.8496732026143791,0.0,2.596150997149434,1.60312195418814,0.9331518980769162,0.988006112862003,0.03186646433990895,0.990289352880241,-0.9021936026051552,-1.7,-0.8496732026143791,-0.9331518980769162,-0.988006112862003
keep/20260701_pos2__highmag_3_set2.png,20260701,pos2__highmag_3_,2.0,9,False,1.6770509831248424,0.8862135004950816,5.456189233238338,0.7692307692307693,0.9454545454545454,1.909999966621399,2.154065922853801,1.2649110640673518,0.8918666401271862,0.9833169502965753,0.06003039513677812,0.9004665643608099,-0.8862135004950816,-0.7692307692307693,-0.9454545454545454,-0.8918666401271862,-0.9833169502965753
keep/20260701_pos2__highmag_3_set3.png,20260701,pos2__highmag_3_,3.0,9,False,4.16082924427331,0.8621852292774886,3.920459253514711,1.3571428571428572,0.7368421052631579,0.0,1.3601470508735438,1.8788294228055935,0.8649565893056019,0.9864083563654833,0.03144171779141104,0.9184831859665998,-0.8621852292774886,-1.3571428571428572,-0.7368421052631579,-0.8649565893056019,-0.9864083563654833
keep/20260701_pos2__highmag_4_set0.png,20260701,pos2__highmag_4_,0.0,9,False,0.9013878188659972,0.8983605942882614,3.405877237571709,1.8,1.1111111111111112,0.9549999833106996,0.4242640687119285,0.4123105625617661,0.9483766249634493,0.9802956381514571,0.019892884468247895,0.8431790111824451,-0.8983605942882614,-1.8,-1.1111111111111112,-0.9483766249634493,-0.9802956381514571
keep/20260701_pos2__highmag_4_set1.png,20260701,pos2__highmag_4_,1.0,9,False,1.274754878398196,0.8830398383154043,1.7117243173422525,1.6923076923076923,0.7755681818181819,0.0,0.5385164807134505,0.9219544457292886,0.9632347852106732,0.9887420109518873,0.01984732824427481,0.9510678942450818,-0.8830398383154043,-1.6923076923076923,-0.7755681818181819,-0.9632347852106732,-0.9887420109518873
keep/20260701_pos2__highmag_4_set2.png,20260701,pos2__highmag_4_,2.0,9,False,0.7071067811865476,0.8133171879219195,4.11096086321448,2.958333333333333,0.7357083678541838,0.0,0.4123105625617661,0.316227766016838,0.9030648739081115,0.9855808152155702,0.045351473922902494,0.949730402632508,-0.8133171879219195,-2.958333333333333,-0.7357083678541838,-0.9030648739081115,-0.9855808152155702
keep/20260701_pos2__highmag_5_set0.png,20260701,pos2__highmag_5_,0.0,9,False,1.4577379737113252,0.924202427179793,2.9154758999920496,2.1,0.8095238095238094,0.9549999833106996,1.9,1.1704699910719625,0.9423438852830981,0.9835442503311156,0.07424242424242425,0.9506989651077662,-0.924202427179793,-2.1,-0.8095238095238094,-0.9423438852830981,-0.9835442503311156
keep/20260909_AP5_12_pos1__highmag_1_set0.png,20260909,AP5_12_pos1__highmag_1_,0.0,9,False,1.7677669529663689,0.7969411254957661,6.708203932499369,1.875,0.9333333333333332,0.0,6.149186938124422,8.253787009609589,0.4788265471442223,0.9864785969385481,0.014274981217129978,0.8776927223170982,-0.7969411254957661,-1.875,-0.9333333333333332,-0.4788265471442223,-0.9864785969385481
keep/20260909_AP5_12_pos1__highmag_1_set2.png,20260909,AP5_12_pos1__highmag_1_,2.0,9,False,1.346291201783626,0.649320521823714,5.0,1.0,1.0,0.0,5.25,5.062114182829147,0.8574587750834488,0.9903742623569209,0.013127413127413128,0.9200009430807427,-0.649320521823714,-1.0,-1.0,-0.8574587750834488,-0.9903742623569209
keep/20260909_AP5_12_pos1__highmag_2_set0.png,20260909,AP5_12_pos1__highmag_2_,0.0,9,False,2.850438562747845,0.878045970968859,7.810249675906654,1.6666666666666667,0.75,0.0,7.9726093595509875,7.850159234053791,0.8183045719824769,0.977362555068712,0.06291635825314582,1.0409634210340446,-0.878045970968859,-1.6666666666666667,-0.75,-0.8183045719824769,-0.977362555068712
keep/20260909_AP5_12_pos1__highmag_2_set1.png,20260909,AP5_12_pos1__highmag_2_,1.0,9,False,2.462214450449026,0.5421391267850598,6.082762530298219,1.0,1.0,1.909999966621399,6.046693311223912,5.5901699437494745,0.8944543555779336,0.9759074290202748,0.08104395604395605,1.0405253078093188,-0.5421391267850598,-1.0,-1.0,-0.8944543555779336,-0.9759074290202748
keep/20260909_AP5_12_pos1__highmag_2_set2.png,20260909,AP5_12_pos1__highmag_2_,2.0,9,False,2.3048861143232218,0.4679585527379256,9.0,1.0,0.75,0.0,9.003471552684553,4.609772228646444,0.8311956427068792,0.9587906465246196,0.03576437587657784,1.211348826363673,-0.4679585527379256,-1.0,-0.75,-0.8311956427068792,-0.9587906465246196
keep/20260909_AP5_12_pos1__highmag_2_set3.png,20260909,AP5_12_pos1__highmag_2_,3.0,2,True,0.5,0.4030447963003223,4.123105625617661,1.5,0.6666666666666666,28.109298706054688,3.5794552658190883,5.0,0.6855453525602624,0.954362682956528,0.03709311127933384,1.0784871892299899,-0.4030447963003223,-1.5,-0.6666666666666666,-0.6855453525602624,-0.954362682956528
keep/20260909_AP5_12_pos1__highmag_4_set0.png,20260909,AP5_12_pos1__highmag_4_,0.0,9,False,1.4577379737113252,0.7626062820707814,10.816653826391969,1.3333333333333333,0.5625,1.909999966621399,10.891510455395984,7.420411039827915,0.8439371670769454,0.991636420955962,0.03547169811320755,0.7766074198247612,-0.7626062820707814,-1.3333333333333333,-0.5625,-0.8439371670769454,-0.991636420955962
keep/20260909_AP5_12_pos1__highmag_4_set1.png,20260909,AP5_12_pos1__highmag_4_,1.0,9,False,3.0413812651491097,0.5981588729796071,9.0,1.6,0.78125,0.9549999833106996,9.003471552684553,6.209871174187111,0.5329359099658788,0.990512236650658,0.018670649738610903,0.842833961243034,-0.5981588729796071,-1.6,-0.78125,-0.5329359099658788,-0.990512236650658
keep/20260909_AP5_12_pos1__highmag_5_set0.png,20260909,AP5_12_pos1__highmag_5_,0.0,9,False,2.23606797749979,0.6162562817023166,9.219544457292889,2.6666666666666665,1.03125,0.0,9.572094859538325,8.139410298049853,0.8617483758605186,0.9874659820628267,0.03208556149732621,0.8964761798215248,-0.6162562817023166,-2.6666666666666665,-1.03125,-0.8617483758605186,-0.9874659820628267
keep/20260909_AP5_12_pos1__highmag_5_set1.png,20260909,AP5_12_pos1__highmag_5_,1.0,9,False,1.0307764064044151,0.4230283918782725,6.324555320336759,1.0769230769230769,0.9948979591836736,0.0,6.0878978309429606,5.857687256929991,0.8687436018522342,0.9899123214863368,0.01393188854489164,1.229402607168375,-0.4230283918782725,-1.0769230769230769,-0.9948979591836736,-0.8687436018522342,-0.9899123214863368
keep/20260909_AP5_12_pos1__highmag_6_set3.png,20260909,AP5_12_pos1__highmag_6_,3.0,9,False,0.5590169943749475,0.7978035221370134,4.0,2.0,0.75,0.0,4.5,0.25,0.5172216050726051,0.9873866569469624,0.006756756756756757,1.2667649104083947,-0.7978035221370134,-2.0,-0.75,-0.5172216050726051,-0.9873866569469624
keep/20260909_AP5_14_pos1__highmag_1_set1.png,20260909,AP5_14_pos1__highmag_1_,1.0,9,False,2.6100766272276377,0.3025330339964404,14.142135623730953,0.5,1.0,1.3693000078201294,14.080127840328725,4.272001872658765,0.566149013144843,0.9212983240868529,0.05744822979291917,0.7625591739935175,-0.3025330339964404,-0.5,-1.0,-0.566149013144843,-0.9212983240868529
keep/20260909_AP5_14_pos1__highmag_1_set2.png,20260909,AP5_14_pos1__highmag_1_,2.0,9,False,0.9013878188659972,0.2413825948689433,8.0,1.0,1.0,0.0,7.75,6.791538853603062,0.6859576528349418,0.8772173985352535,0.024080267558528427,0.7552544947112771,-0.2413825948689433,-1.0,-1.0,-0.6859576528349418,-0.8772173985352535
keep/20260909_AP5_14_pos1__highmag_3_set0.png,20260909,AP5_14_pos1__highmag_3_,0.0,9,False,2.25,0.378547290158684,10.44030650891055,1.0,1.0,0.0,10.277402395547233,10.75,0.7342514839118149,0.9081542832214887,0.10592105263157894,0.7423169057708059,-0.378547290158684,-1.0,-1.0,-0.7342514839118149,-0.9081542832214887
keep/20260909_AP5_14_pos1__highmag_4_set1.png,20260909,AP5_14_pos1__highmag_4_,1.0,2,True,3.2015621187164243,0.3779232061720404,6.324555320336759,1.5,1.3333333333333333,9.550000190734863,5.706356105256663,7.254309064273454,0.04354324179930736,0.8852373275409471,0.08651766402307137,0.8925976506006397,-0.3779232061720404,-1.5,-1.3333333333333333,-0.04354324179930736,-0.8852373275409471
keep/20260909_AP5_14_pos1__highmag_6_set0.png,20260909,AP5_14_pos1__highmag_6_,0.0,9,False,1.0307764064044151,0.7308061709730047,8.0,1.0,1.0,0.0,8.0,9.89002022242624,0.7093089307011976,0.9163818937743307,0.08487874465049929,0.9010433488011333,-0.7308061709730047,-1.0,-1.0,-0.7093089307011976,-0.9163818937743307
keep/20260909_AP5_14_pos1__highmag_6_set1.png,20260909,AP5_14_pos1__highmag_6_,1.0,9,False,0.75,0.656729231052721,10.0,1.3333333333333333,0.75,0.9549999833106996,9.75320460156558,9.0,0.8612988223736356,0.9766412555858377,0.043343653250773995,0.8886967143322365,-0.656729231052721,-1.3333333333333333,-0.75,-0.8612988223736356,-0.9766412555858377
keep/20260909_cnt_2_pos1__highmag_1_set0.png,20260909,cnt_2_pos1__highmag_1_,0.0,9,False,2.2638462845343543,0.7451353537032366,7.280109889280518,2.6666666666666665,0.9375,0.9549999833106996,7.403546447480424,7.215434844830906,0.7769330670376843,0.9503490419075629,0.019476158495634655,1.0034802307788628,-0.7451353537032366,-2.6666666666666665,-0.9375,-0.7769330670376843,-0.9503490419075629
keep/20260909_cnt_2_pos1__highmag_2_set0.png,20260909,cnt_2_pos1__highmag_2_,0.0,9,False,1.4142135623730951,0.8959606292586488,5.0,2.0,0.6666666666666666,1.3693000078201294,4.451123453691214,8.0,0.7012746398013355,0.9712276571037011,0.08172362555720654,0.8212624799836341,-0.8959606292586488,-2.0,-0.6666666666666666,-0.7012746398013355,-0.9712276571037011
keep/20260909_cnt_2_pos1__highmag_2_set1.png,20260909,cnt_2_pos1__highmag_2_,1.0,2,True,0.9013878188659972,0.8450681075054456,9.486832980505138,2.0,1.0,4.234300136566162,9.410765112359355,8.077747210701755,0.4055106031300994,0.9620002714626,0.11424219345011424,0.8211167975061163,-0.8450681075054456,-2.0,-1.0,-0.4055106031300994,-0.9620002714626
keep/20260909_cnt_2_pos1__highmag_2_set3.png,20260909,cnt_2_pos1__highmag_2_,3.0,2,True,1.274754878398196,0.7459304888527539,7.211102550927978,1.0,1.0,0.0,6.946221994724902,9.300537618869138,0.40066085694899306,0.962686831885393,0.023340627279358133,0.9623533598997009,-0.7459304888527539,-1.0,-1.0,-0.40066085694899306,-0.962686831885393
keep/20260909_cnt_2_pos1__highmag_3_set0.png,20260909,cnt_2_pos1__highmag_3_,0.0,9,False,2.549509756796392,0.476800047078968,4.0,1.5,1.0,0.0,4.5,9.290452088031024,0.7533908569619151,0.978668542321675,0.08984375,1.172352129280508,-0.476800047078968,-1.5,-1.0,-0.7533908569619151,-0.978668542321675
keep/20260909_cnt_2_pos1__highmag_4_set0.png,20260909,cnt_2_pos1__highmag_4_,0.0,9,False,1.25,0.4840901858619737,5.385164807134504,2.0,0.5,0.0,5.460082416960389,5.153882032022076,0.7238601830771484,0.9637130157729167,0.10133333333333333,1.122910246352003,-0.4840901858619737,-2.0,-0.5,-0.7238601830771484,-0.9637130157729167
keep/20260909_cnt_2_pos1__highmag_4_set1.png,20260909,cnt_2_pos1__highmag_4_,1.0,9,False,2.5,0.4151106567021732,10.44030650891055,1.5,0.6666666666666666,0.0,9.962429422585638,8.223442101699263,0.6543216228874034,0.9488469140025566,0.053691275167785234,1.168555138211321,-0.4151106567021732,-1.5,-0.6666666666666666,-0.6543216228874034,-0.9488469140025566
keep/20260909_cnt_2_pos1__highmag_4_set3.png,20260909,cnt_2_pos1__highmag_4_,3.0,9,False,6.373774391990981,0.4241864031241048,12.649110640673518,1.0,0.6666666666666666,0.0,12.730377056474016,11.78187166794818,0.8009763000916422,0.9698020523154185,0.006798096532970768,1.8574713296398548,-0.4241864031241048,-1.0,-0.6666666666666666,-0.8009763000916422,-0.9698020523154185
keep/20260909_cnt_2_pos1__highmag_5_set0.png,20260909,cnt_2_pos1__highmag_5_,0.0,9,False,1.25,0.6109863415329435,5.385164807134504,2.5,0.8,0.0,5.062114182829147,5.1478150704935,0.8670635528530339,0.9645394501387157,0.03741007194244604,1.1201238535579856,-0.6109863415329435,-2.5,-0.8,-0.8670635528530339,-0.9645394501387157
keep/20260909_cnt_2_pos1__highmag_5_set1.png,20260909,cnt_2_pos1__highmag_5_,1.0,9,False,2.9261749776799064,0.4809633722791738,12.806248474865695,1.0,1.0,0.9549999833106996,12.93493332027653,7.110731326663946,0.07250419431910625,0.9626903994595095,0.03624733475479744,1.1560220636709122,-0.4809633722791738,-1.0,-1.0,-0.07250419431910625,-0.9626903994595095
keep/20260909_cnt_2_pos1__highmag_5_set2.png,20260909,cnt_2_pos1__highmag_5_,2.0,9,False,2.0155644370746373,0.565543288316659,10.198039027185567,3.0,0.5,0.9549999833106996,9.762812094883316,8.246211251235321,0.6296624640773635,0.9330096683069926,0.005886681383370125,1.1933490314530273,-0.565543288316659,-3.0,-0.5,-0.6296624640773635,-0.9330096683069926
keep/20260909_cnt_2_pos1__highmag_5_set3.png,20260909,cnt_2_pos1__highmag_5_,3.0,9,False,2.7613402542968157,0.5869797438949506,13.41640786499874,1.0,1.0,0.0,13.200378782444083,11.180339887498947,0.8433652341072707,0.9751297073891017,0.022644265887509132,1.1837160685671366,-0.5869797438949506,-1.0,-1.0,-0.8433652341072707,-0.9751297073891017
keep/20260909_cnt_2_pos1__highmag_6_set0.png,20260909,cnt_2_pos1__highmag_6_,0.0,9,False,1.346291201783626,0.7189167382919245,5.656854249492381,1.0,1.0,0.0,6.189709201569974,6.189709201569974,0.8895355335055327,0.961062368187773,0.013605442176870748,1.09735962468394,-0.7189167382919245,-1.0,-1.0,-0.8895355335055327,-0.961062368187773
keep/20260909_cnt_2_pos1__highmag_6_set1.png,20260909,cnt_2_pos1__highmag_6_,1.0,9,False,1.274754878398196,0.6415801713311028,7.211102550927978,1.0,1.0,0.0,7.25,8.00390529679106,0.774567702530096,0.9746996111044284,0.027149321266968326,1.118082288783018,-0.6415801713311028,-1.0,-1.0,-0.774567702530096,-0.9746996111044284
keep/20260909_cnt_2_pos1__highmag_6_set3.png,20260909,cnt_2_pos1__highmag_6_,3.0,9,False,1.118033988749895,0.5160549070406926,14.866068747318506,3.0,0.6666666666666666,0.9549999833106996,14.718186029535026,12.673791855636576,0.7334938093890873,0.9635820819016692,0.012968299711815562,1.0684165723427375,-0.5160549070406926,-3.0,-0.6666666666666666,-0.7334938093890873,-0.9635820819016692
keep/20260909_cnt_2_pos1__highmag_7_set2.png,20260909,cnt_2_pos1__highmag_7_,2.0,9,False,0.3535533905932738,0.3456938917806072,16.1245154965971,1.5,0.6666666666666666,0.0,15.90990257669732,12.992786460186284,0.7446116255008347,0.9478325556534095,0.09444021325209444,0.8767007711323344,-0.3456938917806072,-1.5,-0.6666666666666666,-0.7446116255008347,-0.9478325556534095
keep/20260909_cnt_2_pos1__highmag_7_set3.png,20260909,cnt_2_pos1__highmag_7_,3.0,9,False,69.80016117459901,0.2737899367874268,14.560219778561036,1.5,0.6666666666666666,7.513599872589111,14.320003491619683,25.809397513308983,0.7409404507586951,0.9246998402253637,0.06426332288401254,0.9657020821847246,-0.2737899367874268,-1.5,-0.6666666666666666,-0.7409404507586951,-0.9246998402253637
keep/20260909_cnt_2_pos1__highmag_8_set0.png,20260909,cnt_2_pos1__highmag_8_,0.0,9,False,1.0,0.7821425013572888,8.602325267042627,3.0,0.3333333333333333,0.0,8.951256894984079,7.158910531638177,0.888394709310877,0.9630592126691156,0.037535410764872525,1.1636018174696965,-0.7821425013572888,-3.0,-0.3333333333333333,-0.888394709310877,-0.9630592126691156
keep/20260909_cnt_2_pos1__highmag_8_set1.png,20260909,cnt_2_pos1__highmag_8_,1.0,9,False,0.7905694150420949,0.5137730077584237,8.54400374531753,3.0,0.5555555555555556,1.909999966621399,8.634958019585271,8.835298523536146,0.8309715373993674,0.9709608259011284,0.03015075376884422,0.9137259500019509,-0.5137730077584237,-3.0,-0.5555555555555556,-0.8309715373993674,-0.9709608259011284
keep/20260909_cnt_2_pos1__highmag_8_set2.png,20260909,cnt_2_pos1__highmag_8_,2.0,9,False,2.3048861143232218,0.3767685444535079,16.278820596099706,1.0,2.0,0.0,16.57181341917655,13.439680055715613,0.19558449960831892,0.9727084264257628,0.04439592430858806,1.244589027414244,-0.3767685444535079,-1.0,-2.0,-0.19558449960831892,-0.9727084264257628
keep/20260909_cnt_3_pos1__highmag_1_set0.png,20260909,cnt_3_pos1__highmag_1_,0.0,9,False,1.8200274723201293,0.7519324324092169,6.708203932499369,2.0,0.5,0.0,6.373774391990981,7.754031209635412,0.8065161938252458,0.9460014301856987,0.04032258064516129,0.6860308461974943,-0.7519324324092169,-2.0,-0.5,-0.8065161938252458,-0.9460014301856987
keep/20260909_cnt_3_pos1__highmag_1_set1.png,20260909,cnt_3_pos1__highmag_1_,1.0,9,False,1.25,0.3526020478022484,7.211102550927978,1.0,1.0,0.0,7.558108228915487,7.652613932506983,0.5678231181816257,0.9115386426384735,0.14171974522292993,0.7093471889128007,-0.3526020478022484,-1.0,-1.0,-0.5678231181816257,-0.9115386426384735
keep/20260909_cnt_3_pos1__highmag_1_set2.png,20260909,cnt_3_pos1__highmag_1_,2.0,9,False,2.1505813167606567,0.6754765683563739,8.48528137423857,0.75,0.4444444444444444,0.9549999833106996,8.200609733428363,10.25,0.8538568855459433,0.9587588830615117,0.04567143830947512,0.7054158767592195,-0.6754765683563739,-0.75,-0.4444444444444444,-0.8538568855459433,-0.9587588830615117
keep/20260909_cnt_3_pos1__highmag_2_set1.png,20260909,cnt_3_pos1__highmag_2_,1.0,9,False,1.4577379737113252,0.4946159505700244,7.071067811865476,1.0,1.25,0.9549999833106996,7.071067811865476,8.707037383633999,0.5084522469483562,0.9621870694693642,0.027008310249307478,1.1446343098663738,-0.4946159505700244,-1.0,-1.25,-0.5084522469483562,-0.9621870694693642
keep/20260909_cnt_3_pos1__highmag_3_set2.png,20260909,cnt_3_pos1__highmag_3_,2.0,9,False,1.6770509831248424,0.630594455621633,12.36931687685298,1.0,1.0,0.0,12.673791855636576,15.002083188677496,0.5947294528058661,0.8695422783482818,0.00574300071787509,0.8934747599891277,-0.630594455621633,-1.0,-1.0,-0.5947294528058661,-0.8695422783482818
keep/20260909_cnt_3_pos1__highmag_4_set0.png,20260909,cnt_3_pos1__highmag_4_,0.0,9,False,2.9154759474226504,0.3772400992224246,11.31370849898476,2.0,0.5,0.9549999833106996,11.335784048754634,10.982941318244398,0.7904395653736298,0.9269249756209528,0.09105560032232071,0.9505215548387004,-0.3772400992224246,-2.0,-0.5,-0.7904395653736298,-0.9269249756209528
keep/20260909_cnt_3_pos1__highmag_4_set1.png,20260909,cnt_3_pos1__highmag_4_,1.0,9,False,2.0155644370746373,0.6314834828640908,8.602325267042627,4.0,0.625,0.0,8.75,8.533024082938006,0.7587958081803331,0.9398805329982659,0.09185082872928177,0.6602460373191437,-0.6314834828640908,-4.0,-0.625,-0.7587958081803331,-0.9398805329982659
keep/20260909_cnt_3_pos1__highmag_4_set3.png,20260909,cnt_3_pos1__highmag_4_,3.0,9,False,0.5,0.5402998359463803,14.0,1.5,0.8888888888888888,2.738600015640259,14.252192813739224,6.73145600891813,0.6441714928432054,0.9424370544494755,0.11315789473684211,0.7258330410755048,-0.5402998359463803,-1.5,-0.8888888888888888,-0.6441714928432054,-0.9424370544494755
keep/20260909_cnt_3_pos1__highmag_5_set0.png,20260909,cnt_3_pos1__highmag_5_,0.0,9,False,1.75,0.2689888114095503,12.206555615733702,1.0,1.0,6.432199954986572,11.800423721205949,13.0862523283024,0.2642390484784665,0.9287496126987098,0.11247086247086246,0.881777077031272,-0.2689888114095503,-1.0,-1.0,-0.2642390484784665,-0.9287496126987098
keep/20260909_cnt_3_pos1__highmag_5_set1.png,20260909,cnt_3_pos1__highmag_5_,1.0,9,False,0.5,0.6174164334113694,10.0,2.0,0.75,0.0,10.262187875886896,9.154916711800276,0.744588737675751,0.9520407448483685,0.09454545454545454,0.8098235198387902,-0.6174164334113694,-2.0,-0.75,-0.744588737675751,-0.9520407448483685
keep/20260909_cnt_3_pos1__highmag_6_set0.png,20260909,cnt_3_pos1__highmag_6_,0.0,9,False,2.0155644370746373,0.6270255247995888,10.63014581273465,2.333333333333333,0.8571428571428571,0.0,10.982941318244398,12.22957480863501,0.8526953065159553,0.9418785377765377,0.06523468575974542,0.7056684368882078,-0.6270255247995888,-2.333333333333333,-0.8571428571428571,-0.8526953065159553,-0.9418785377765377
keep/20260909_cnt_3_pos1__highmag_6_set1.png,20260909,cnt_3_pos1__highmag_6_,1.0,9,False,1.5206906325745548,0.5893402017633012,11.6619037896906,0.875,1.1428571428571428,0.0,11.104616157256403,11.236102527122116,0.7904052886983888,0.9474800204829732,0.08480565371024736,0.7189603113467263,-0.5893402017633012,-0.875,-1.1428571428571428,-0.7904052886983888,-0.9474800204829732
keep/20260909_cnt_3_pos1__highmag_7_set0.png,20260909,cnt_3_pos1__highmag_7_,0.0,9,False,1.118033988749895,0.7101278981164273,14.422205101855956,2.0,0.725,0.0,14.075688260259248,14.35705401536123,0.8464533027002075,0.9723829633525538,0.09050772626931568,0.7802346952131323,-0.7101278981164273,-2.0,-0.725,-0.8464533027002075,-0.9723829633525538
keep/20260909_cnt_3_pos1__highmag_7_set1.png,20260909,cnt_3_pos1__highmag_7_,1.0,9,False,1.25,0.5546546741777721,12.649110640673518,2.0,1.5,0.9549999833106996,12.96630247988994,22.0,0.8065975452863148,0.9633646985495935,0.06173725771715721,0.9258144424576944,-0.5546546741777721,-2.0,-1.5,-0.8065975452863148,-0.9633646985495935
keep/20260909_cnt_3_pos1__highmag_7_set2.png,20260909,cnt_3_pos1__highmag_7_,2.0,9,False,1.25,0.5088216352430005,18.68154169226941,1.3333333333333333,1.2500000000000002,0.0,18.200274723201296,17.315094570922792,0.816434438125997,0.9584004532779627,0.0359501100513573,0.928929890444068,-0.5088216352430005,-1.3333333333333333,-1.2500000000000002,-0.816434438125997,-0.9584004532779627
keep/20260909_cnt_3_pos1__highmag_8_set0.png,20260909,cnt_3_pos1__highmag_8_,0.0,9,False,2.5,0.6591781895981438,15.620499351813308,2.0,0.75,1.909999966621399,15.461646096066229,14.0,0.8217634378204595,0.9496747565035126,0.06961178045515395,0.7674120683435235,-0.6591781895981438,-2.0,-0.75,-0.8217634378204595,-0.9496747565035126
keep/20260909_cnt_3_pos1__highmag_8_set2.png,20260909,cnt_3_pos1__highmag_8_,2.0,9,False,2.8284271247461903,0.4168737161047815,14.560219778561036,1.0,1.0,0.0,14.493533040635745,14.467636296230287,0.6723543764507083,0.9634323195089408,0.1176911544227886,0.8533008149892432,-0.4168737161047815,-1.0,-1.0,-0.6723543764507083,-0.9634323195089408
keep/20260909_cnt_4_pos1__highmag_1_set1.png,20260909,cnt_4_pos1__highmag_1_,1.0,9,False,1.9039432764659767,0.5154866858177631,9.433981132056603,1.0,1.0,0.0,9.013878188659971,13.152946437965904,0.8049495911133474,0.9556111065094133,0.054075235109717866,0.8110899084763863,-0.5154866858177631,-1.0,-1.0,-0.8049495911133474,-0.9556111065094133
keep/20260909_cnt_4_pos1__highmag_2_set0.png,20260909,cnt_4_pos1__highmag_2_,0.0,9,False,2.2638462845343543,0.406774610617772,6.324555320336759,2.0,0.5,0.0,6.642665127793212,7.615773105863909,0.7477077004436493,0.9336064799768031,0.016433853738701727,1.4747483934891135,-0.406774610617772,-2.0,-0.5,-0.7477077004436493,-0.9336064799768031
keep/20260909_cnt_4_pos1__highmag_2_set2.png,20260909,cnt_4_pos1__highmag_2_,2.0,9,False,2.1505813167606567,0.4171298894063705,8.48528137423857,1.0,1.5,0.0,9.017344398435716,9.154916711800276,0.7819266478851603,0.940967950508969,0.05989773557341125,1.4803195428839908,-0.4171298894063705,-1.0,-1.5,-0.7819266478851603,-0.940967950508969
keep/20260909_cnt_4_pos1__highmag_3_set1.png,20260909,cnt_4_pos1__highmag_3_,1.0,9,False,2.3717082451262845,0.6124487643735991,13.0,2.0,1.0,0.0,13.372079120316332,11.704699910719626,0.7230012873562702,0.9597494596194758,0.04751131221719457,1.000711487380475,-0.6124487643735991,-2.0,-1.0,-0.7230012873562702,-0.9597494596194758
keep/20260909_cnt_4_pos1__highmag_4_set0.png,20260909,cnt_4_pos1__highmag_4_,0.0,9,False,2.23606797749979,0.7868099235094234,9.0,2.0,1.0,0.0,9.263503656824453,11.2305387226081,0.8117748269435989,0.9774606840671963,0.06001500375093773,1.126947159893727,-0.7868099235094234,-2.0,-1.0,-0.8117748269435989,-0.9774606840671963
keep/20260909_cnt_4_pos1__highmag_4_set1.png,20260909,cnt_4_pos1__highmag_4_,1.0,9,False,1.5206906325745548,0.6352163122442984,9.0,1.0,1.0,0.0,9.25,14.2148689758295,0.4913911011849081,0.9456728641694789,0.10514705882352941,1.16505304213598,-0.6352163122442984,-1.0,-1.0,-0.4913911011849081,-0.9456728641694789
keep/20260909_cnt_4_pos1__highmag_4_set2.png,20260909,cnt_4_pos1__highmag_4_,2.0,9,False,29.74579802257791,0.1882284814905449,5.0,2.0,0.7,7.801499843597412,5.0,8.503675675847475,0.39100568640163724,0.9570029213156322,0.23431734317343172,0.8744694759257782,-0.1882284814905449,-2.0,-0.7,-0.39100568640163724,-0.9570029213156322
keep/20260909_cnt_4_pos1__highmag_4_set3.png,20260909,cnt_4_pos1__highmag_4_,3.0,9,False,1.118033988749895,0.796973664220511,8.0,1.75,1.0,1.3693000078201294,7.5,9.394147114027968,0.8152971459796312,0.9751341662351707,0.03427719821162444,1.1111600579615029,-0.796973664220511,-1.75,-1.0,-0.8152971459796312,-0.9751341662351707
keep/20260909_cnt_4_pos1__highmag_5_set0.png,20260909,cnt_4_pos1__highmag_5_,0.0,9,False,0.25,0.7891450546213192,12.36931687685298,1.0,0.8571428571428571,0.0,12.61199825562944,12.798925736170204,0.7987209409002558,0.9696974850493216,0.039647577092511016,0.8939343292556882,-0.7891450546213192,-1.0,-0.8571428571428571,-0.7987209409002558,-0.9696974850493216
keep/20260909_cnt_4_pos1__highmag_5_set1.png,20260909,cnt_4_pos1__highmag_5_,1.0,9,False,1.274754878398196,0.6023322713626282,14.866068747318506,1.0,1.0,0.0,15.110013236261576,14.391837964624257,0.9134573653560757,0.9780060625062571,0.05467625899280575,1.018461868889434,-0.6023322713626282,-1.0,-1.0,-0.9134573653560757,-0.9780060625062571
keep/20260909_cnt_4_pos1__highmag_5_set2.png,20260909,cnt_4_pos1__highmag_5_,2.0,9,False,2.2638462845343543,0.7095049166582162,16.1245154965971,3.0,1.0,0.0,15.4434452114805,15.566390076058097,0.928760300998239,0.9776550026314179,0.05762217359591539,0.8727772217144473,-0.7095049166582162,-3.0,-1.0,-0.928760300998239,-0.9776550026314179
keep/20260909_cnt_4_pos1__highmag_5_set3.png,20260909,cnt_4_pos1__highmag_5_,3.0,9,False,2.1213203435596424,0.674802448586025,11.180339887498947,2.0,0.5,0.0,11.073617295175053,10.201102881551584,0.8570597510270509,0.9784110348658521,0.037064492216456635,1.007072380738015,-0.674802448586025,-2.0,-0.5,-0.8570597510270509,-0.9784110348658521
reject/20260623_1_pos1__highmag_1_set1.png,20260623,1_pos1__highmag_1_,1.0,1,True,4.031128874149275,0.582694773264399,5.277309986291679,0.75,0.7999999999999999,0.0,3.701351104664349,0.447213595499958,0.8435471058679408,0.9906883108584518,0.0,0.7277328072701452,-0.582694773264399,-0.75,-0.7999999999999999,-0.8435471058679408,-0.9906883108584518
reject/20260623_1_pos1__highmag_5_set1.png,20260623,1_pos1__highmag_5_,1.0,5,True,2.0155644370746373,0.7633893438080785,1.104536101718726,1.0,1.0,2.738600015640259,0.8544003745317529,0.223606797749979,0.9268165758508188,0.973273370313491,0.006859756097560976,0.9933166078756245,-0.7633893438080785,-1.0,-1.0,-0.9268165758508188,-0.973273370313491
reject/20260623_2_pos1__highmag_4_set2.png,20260623,2_pos1__highmag_4_,2.0,1,True,3.2015621187164243,0.5698373096830726,0.5000000029802323,1.1428571428571428,0.875,0.0,0.360555127546399,0.282842712474619,0.8988823120973822,0.9866131043342742,0.01454823889739663,0.6719655085624324,-0.5698373096830726,-1.1428571428571428,-0.875,-0.8988823120973822,-0.9866131043342742
reject/20260623_2_pos1__highmag_6_set2.png,20260623,2_pos1__highmag_6_,2.0,7,True,5.667892024377317,0.3960793063288074,2.6172503693274587,0.7777777777777778,0.8999999999999999,18.34160041809082,0.2236067977499787,0.7071067811865475,0.930700056164066,0.9865664155484447,0.009870918754745633,0.8398060062299572,-0.3960793063288074,-0.7777777777777778,-0.8999999999999999,-0.930700056164066,-0.9865664155484447
reject/20260623_3_pos1__highmag_3_set1.png,20260623,3_pos1__highmag_3_,1.0,1,True,2.7950849718747373,0.4989610564835685,4.517742800747855,0.8636363636363636,1.1578947368421053,2.738600015640259,3.301514803843836,0.806225774829855,0.7463698217894748,0.9723212902359895,0.1111111111111111,0.6705963019911629,-0.4989610564835685,-0.8636363636363636,-1.1578947368421053,-0.7463698217894748,-0.9723212902359895
reject/20260623_3_pos1__highmag_3_set2.png,20260623,3_pos1__highmag_3_,2.0,1,True,2.549509756796392,0.4053854440436555,15.57690561635854,0.5,0.75,2.865000009536743,5.821511831131154,2.8,0.7857165015406128,0.9909704665574923,0.106544901065449,0.6792100318772721,-0.4053854440436555,-0.5,-0.75,-0.7857165015406128,-0.9909704665574923
reject/20260623_3_pos1__highmag_7_set1.png,20260623,3_pos1__highmag_7_,1.0,1,True,1.25,0.6107552820887794,0.3000000044703483,1.2,0.9090909090909092,0.9549999833106996,0.4472135954999581,0.282842712474619,0.9326325923920666,0.9872788753147859,0.005339435545385202,1.032629464165555,-0.6107552820887794,-1.2,-0.9090909090909092,-0.9326325923920666,-0.9872788753147859
reject/20260623_4_pos1__highmag_3_set1.png,20260623,4_pos1__highmag_3_,1.0,3,True,2.1505813167606567,0.7455662288961422,3.099999952316284,1.0714285714285714,1.4,0.0,0.6082762530298225,0.1414213562373095,0.5822531375077395,0.8978671743205117,0.03201219512195122,0.8666055269164424,-0.7455662288961422,-1.0714285714285714,-1.4,-0.5822531375077395,-0.8978671743205117
reject/20260623_4_pos1__highmag_3_set2.png,20260623,4_pos1__highmag_3_,2.0,7,True,19.51441774688653,0.3457283307256929,25.88223328967373,1.32,0.4504504504504504,7.387199878692627,2.1023796041628637,0.3,0.4606084798057133,0.8133742317685251,0.05095057034220532,0.6867142930565402,-0.3457283307256929,-1.32,-0.4504504504504504,-0.4606084798057133,-0.8133742317685251
reject/20260623_4_pos1__highmag_6_set2.png,20260623,4_pos1__highmag_6_,2.0,1,True,1.274754878398196,0.5753914993922015,0.9055385169403016,0.8484848484848485,0.9304511278195488,2.738600015640259,0.3605551275463989,0.608276253029822,0.6826198113839429,0.9844064294512831,0.08333333333333333,0.8098827291603017,-0.5753914993922015,-0.8484848484848485,-0.9304511278195488,-0.6826198113839429,-0.9844064294512831
reject/20260623_5_pos1__highmag_1_set1.png,20260623,5_pos1__highmag_1_,1.0,1,True,3.75,0.4416991070473627,3.101612530119835,0.8571428571428571,0.5833333333333334,0.0,35.43585754571208,21.100947846009195,0.9310472134734837,0.986615541253595,0.015174506828528073,1.1908487616967982,-0.4416991070473627,-0.8571428571428571,-0.5833333333333334,-0.9310472134734837,-0.986615541253595
reject/20260623_5_pos1__highmag_1_set2.png,20260623,5_pos1__highmag_1_,2.0,7,True,4.650268809434569,0.3841811802406384,33.39281359110542,3.909090909090909,0.3837209302325581,33.10015105705713,18.149655644116223,65.90690403895483,0.9137067276460827,0.979841643075902,0.016781083142639208,1.216726418302004,-0.3841811802406384,-3.909090909090909,-0.3837209302325581,-0.9137067276460827,-0.979841643075902
reject/20260623_5_pos1__highmag_2_set2.png,20260623,5_pos1__highmag_2_,2.0,1,True,3.2882366094914763,0.3820220091504257,41.24875756818389,0.4857142857142857,0.3012912482065997,42.53960800170898,24.798790293076795,3.818376618407356,0.8422655508065039,0.9905579374674576,0.02039274924471299,1.8390676339776775,-0.3820220091504257,-0.4857142857142857,-0.3012912482065997,-0.8422655508065039,-0.9905579374674576
reject/20260623_5_pos1__highmag_4_set2.png,20260623,5_pos1__highmag_4_,2.0,8,True,0.5590169943749475,0.4414559168915146,60.05813861544212,0.4516129032258064,0.96875,58.107513427734375,18.100276240985934,22.400223213173568,0.96502341820319,0.994347530994044,0.09257842387146137,1.4709285248231934,-0.4414559168915146,-0.4516129032258064,-0.96875,-0.96502341820319,-0.994347530994044
reject/20260623_5_pos1__highmag_6_set2.png,20260623,5_pos1__highmag_6_,2.0,1,True,4.981214711292819,0.5348630285942492,20.94421151932508,1.0,0.4230769230769231,7.801499843597412,8.0156097709407,0.316227766016838,0.9424473184916898,0.9858048272350814,0.004518072289156626,1.206824391979215,-0.5348630285942492,-1.0,-0.4230769230769231,-0.9424473184916898,-0.9858048272350814
reject/20260623_6_pos1__highmag_1_set2.png,20260623,6_pos1__highmag_1_,2.0,2,True,0.75,0.690434624229262,2.009975147354625,1.6666666666666667,0.8999999999999999,32.884300231933594,2.1000000000000014,0.447213595499958,0.9082328477074443,0.9907498930397273,0.0,1.4241684311482836,-0.690434624229262,-1.6666666666666667,-0.8999999999999999,-0.9082328477074443,-0.9907498930397273
reject/20260623_6_pos1__highmag_5_set2.png,20260623,6_pos1__highmag_5_,2.0,1,True,2.1213203435596424,0.7799431587663459,2.54950975930962,1.1875,1.1228070175438596,2.3243000507354736,0.5099019513592784,2.5019992006393608,0.7768604893659453,0.9846821318151946,0.02822273073989321,1.1009904556895362,-0.7799431587663459,-1.1875,-1.1228070175438596,-0.7768604893659453,-0.9846821318151946
reject/20260623_6_pos1__highmag_6_set1.png,20260623,6_pos1__highmag_6_,1.0,9,False,1.274754878398196,0.6527989676836866,0.6000000044703484,1.525,0.774962742175857,0.0,0.4,0.1414213562373095,0.7559376075742629,0.9802559712438567,0.11325115562403698,0.4800250343013369,-0.6527989676836866,-1.525,-0.774962742175857,-0.7559376075742629,-0.9802559712438567
reject/20260909_AP5_11_pos1__highmag_1_set0.png,20260909,AP5_11_pos1__highmag_1_,0.0,9,False,1.9525624189766635,0.6228084435051963,2.0,2.0,1.0833333333333333,0.0,1.5811388300841898,3.3541019662496847,0.6894819841835266,0.9820040350983319,0.0608564988730278,1.1001155311329334,-0.6228084435051963,-2.0,-1.0833333333333333,-0.6894819841835266,-0.9820040350983319
reject/20260909_AP5_11_pos1__highmag_2_set0.png,20260909,AP5_11_pos1__highmag_2_,0.0,3,True,2.850438562747845,0.7884581997995602,2.23606797749979,1.5,0.8888888888888888,2.3243000507354736,2.23606797749979,4.596194077712559,0.5488943803930382,0.7639704619415341,0.02478134110787172,0.9595163950200225,-0.7884581997995602,-1.5,-0.8888888888888888,-0.5488943803930382,-0.7639704619415341
reject/20260909_AP5_11_pos1__highmag_3_set0.png,20260909,AP5_11_pos1__highmag_3_,0.0,5,True,1.0,0.673699291107776,4.47213595499958,2.5,0.6,1.909999966621399,3.913118960624632,4.75,0.8225498189403856,0.9843845329805373,0.021148036253776436,0.871128607294619,-0.673699291107776,-2.5,-0.6,-0.8225498189403856,-0.9843845329805373
reject/20260909_AP5_11_pos1__highmag_4_set0.png,20260909,AP5_11_pos1__highmag_4_,0.0,3,True,3.5089172119045497,0.7273321206329789,6.0,1.2,1.0,1.909999966621399,5.50567888638631,5.315072906367325,0.8203768642078735,0.912056581676547,0.12444113263785395,1.028225240952682,-0.7273321206329789,-1.2,-1.0,-0.8203768642078735,-0.912056581676547
reject/20260909_AP5_11_pos1__highmag_5_set0.png,20260909,AP5_11_pos1__highmag_5_,0.0,4,True,1.7677669529663689,0.7696136862283739,4.0,1.3125,1.1428571428571428,0.0,4.2793106921559225,4.257346591481601,0.7518684357271341,0.9879141069345213,0.05167173252279635,0.9566584920524914,-0.7696136862283739,-1.3125,-1.1428571428571428,-0.7518684357271341,-0.9879141069345213
reject/20260909_AP5_11_pos1__highmag_6_set0.png,20260909,AP5_11_pos1__highmag_6_,0.0,3,True,2.358495283014151,0.6935485022981701,3.0,1.9166666666666667,1.093167701863354,0.9549999833106996,2.7950849718747373,4.0,0.6321535380019611,0.892893250271621,0.08177044261065267,0.6788699207276905,-0.6935485022981701,-1.9166666666666667,-1.093167701863354,-0.6321535380019611,-0.892893250271621
reject/20260909_AP5_11_pos1__highmag_7_set0.png,20260909,AP5_11_pos1__highmag_7_,0.0,9,False,2.2638462845343543,0.8453810604197807,3.605551275463989,2.0,1.0,0.0,3.69120576505835,4.5,0.8728034154825313,0.9889775626862396,0.08244274809160305,0.7749109595084543,-0.8453810604197807,-2.0,-1.0,-0.8728034154825313,-0.9889775626862396
reject/20260909_AP5_11_pos1__highmag_8_set0.png,20260909,AP5_11_pos1__highmag_8_,0.0,3,True,2.9154759474226504,0.6618934373102381,4.123105625617661,1.5,1.0,0.0,4.2793106921559225,3.5089172119045497,0.815224592901576,0.8400971257153877,0.04285714285714286,0.6680140249085695,-0.6618934373102381,-1.5,-1.0,-0.815224592901576,-0.8400971257153877
reject/20260909_AP5_12_pos1__highmag_1_set1.png,20260909,AP5_12_pos1__highmag_1_,1.0,1,True,4.16082924427331,0.672823861290962,4.47213595499958,1.6666666666666667,0.6,1.3693000078201294,4.5069390943299865,4.5069390943299865,0.7945719422216277,0.9868735364897344,0.012093726379440665,0.9296308317227323,-0.672823861290962,-1.6666666666666667,-0.6,-0.7945719422216277,-0.9868735364897344
reject/20260909_AP5_12_pos1__highmag_1_set3.png,20260909,AP5_12_pos1__highmag_1_,3.0,1,True,2.0155644370746373,0.4547819862960541,4.47213595499958,1.0,0.6666666666666666,2.738600015640259,3.8078865529319534,4.25,0.8874888550739467,0.9912920999420654,0.0,1.0506378939248402,-0.4547819862960541,-1.0,-0.6666666666666666,-0.8874888550739467,-0.9912920999420654
reject/20260909_AP5_12_pos1__highmag_3_set0.png,20260909,AP5_12_pos1__highmag_3_,0.0,1,True,3.3634060117684275,0.7348637131827842,12.206555615733702,0.8,0.7499999999999999,2.865000009536743,12.759800155174846,9.572094859538325,0.7012619270795563,0.9730005286462268,0.05989385898407885,0.9053007532579437,-0.7348637131827842,-0.8,-0.7499999999999999,-0.7012619270795563,-0.9730005286462268
reject/20260909_AP5_12_pos1__highmag_3_set1.png,20260909,AP5_12_pos1__highmag_3_,1.0,7,True,1.274754878398196,0.3266727382342235,4.0,1.3333333333333333,0.75,6.558599948883057,4.5,5.755432216610669,0.7491099428859681,0.914768307166199,0.05246422893481717,0.7623288525286905,-0.3266727382342235,-1.3333333333333333,-0.75,-0.7491099428859681,-0.914768307166199
reject/20260909_AP5_12_pos1__highmag_3_set2.png,20260909,AP5_12_pos1__highmag_3_,2.0,7,True,4.527692569068709,0.278194412492004,12.16552506059644,0.5,1.0,7.099299907684326,12.374368670764582,6.519202405202649,0.6414913902718015,0.7945881136767627,0.05735140771637122,0.7528931188147915,-0.278194412492004,-0.5,-1.0,-0.6414913902718015,-0.7945881136767627
reject/20260909_AP5_12_pos1__highmag_4_set2.png,20260909,AP5_12_pos1__highmag_4_,2.0,9,False,6.600189391222043,0.4111751654022207,8.06225774829855,2.380952380952381,0.4941176470588235,2.3243000507354736,8.514693182963201,8.253787009609589,0.6977094661340274,0.9605734950702671,0.027128862094951016,0.8607518440857075,-0.4111751654022207,-2.380952380952381,-0.4941176470588235,-0.6977094661340274,-0.9605734950702671
reject/20260909_AP5_12_pos1__highmag_4_set3.png,20260909,AP5_12_pos1__highmag_4_,3.0,9,False,6.932712311931024,0.4666615962677449,4.0,0.7407407407407407,0.5940000000000001,3.819999933242798,4.00780488547035,5.50567888638631,0.7297538244195863,0.9913783617864735,0.02857142857142857,0.8947249479696505,-0.4666615962677449,-0.7407407407407407,-0.5940000000000001,-0.7297538244195863,-0.9913783617864735
reject/20260909_AP5_12_pos1__highmag_5_set2.png,20260909,AP5_12_pos1__highmag_5_,2.0,1,True,3.7165171868296265,0.4907096865082541,8.0,1.5,0.6666666666666666,0.0,7.5,7.00446286306095,0.6699406667580805,0.9819280374226356,0.07593984962406015,0.8668317899455674,-0.4907096865082541,-1.5,-0.6666666666666666,-0.6699406667580805,-0.9819280374226356
reject/20260909_AP5_12_pos1__highmag_5_set3.png,20260909,AP5_12_pos1__highmag_5_,3.0,1,True,1.9039432764659767,0.4708105082724638,6.324555320336759,0.5454545454545454,0.9166666666666669,0.0,6.254998001598402,6.504805915628844,0.7544941972535468,0.9874800975668372,0.026022304832713755,1.1320949099683066,-0.4708105082724638,-0.5454545454545454,-0.9166666666666669,-0.7544941972535468,-0.9874800975668372
reject/20260909_AP5_12_pos1__highmag_6_set0.png,20260909,AP5_12_pos1__highmag_6_,0.0,9,False,2.6100766272276377,0.5692416283275165,8.06225774829855,1.3333333333333333,0.5,0.0,7.603453162872775,8.1891696770796,0.7753469544096252,0.9921894867281003,0.02679938744257274,0.8968636809899766,-0.5692416283275165,-1.3333333333333333,-0.5,-0.7753469544096252,-0.9921894867281003
reject/20260909_AP5_12_pos1__highmag_6_set1.png,20260909,AP5_12_pos1__highmag_6_,1.0,2,True,1.6770509831248424,0.7938202700892147,10.0,2.0,0.6666666666666666,9.297200202941896,9.75320460156558,11.75,-0.1263533470658264,0.9858789206440166,0.0,1.0514152203395744,-0.7938202700892147,-2.0,-0.6666666666666666,0.1263533470658264,-0.9858789206440166
reject/20260909_AP5_12_pos1__highmag_6_set2.png,20260909,AP5_12_pos1__highmag_6_,2.0,1,True,3.2015621187164243,0.7853444593442477,6.0,0.6666666666666666,1.125,0.0,5.75,6.5,0.8622796639737809,0.9869018036283672,0.008403361344537815,1.0432211957758881,-0.7853444593442477,-0.6666666666666666,-1.125,-0.8622796639737809,-0.9869018036283672
reject/20260909_AP5_13_pos1__highmag_1_set0.png,20260909,AP5_13_pos1__highmag_1_,0.0,1,True,6.0878978309429606,0.2395645541385404,7.0,2.4,0.3125,9.837900161743164,7.00446286306095,8.00390529679106,0.41956227612825847,0.940860872729798,0.05745454545454545,0.7815087156906025,-0.2395645541385404,-2.4,-0.3125,-0.41956227612825847,-0.940860872729798
reject/20260909_AP5_13_pos1__highmag_1_set1.png,20260909,AP5_13_pos1__highmag_1_,1.0,7,True,57.98706752371601,0.0308828833156912,6.0,2.0,0.5,6.972899913787842,5.5,6.020797289396148,0.6455649671509649,0.8442143853663859,0.15590551181102363,0.9176819032864932,-0.0308828833156912,-2.0,-0.5,-0.6455649671509649,-0.8442143853663859
reject/20260909_AP5_13_pos1__highmag_1_set2.png,20260909,AP5_13_pos1__highmag_1_,2.0,7,True,18.26540445760783,0.1274303187348103,21.587033144922906,1.0,0.5,16.143699645996094,21.830311495716227,11.294356998076518,0.5258810348089297,0.8584798317734733,0.16234756097560976,0.8110030154427971,-0.1274303187348103,-1.0,-0.5,-0.5258810348089297,-0.8584798317734733
reject/20260909_AP5_13_pos1__highmag_2_set0.png,20260909,AP5_13_pos1__highmag_2_,0.0,8,True,1.9039432764659767,0.4234618356340035,9.219544457292889,1.0,0.5,0.9549999833106996,9.12414379544733,8.0156097709407,0.8605728000887733,0.9551967278187075,0.12368815592203898,0.6970005690208314,-0.4234618356340035,-1.0,-0.5,-0.8605728000887733,-0.9551967278187075
reject/20260909_AP5_13_pos1__highmag_2_set1.png,20260909,AP5_13_pos1__highmag_2_,1.0,8,True,2.25,0.1963893706200971,60.37383539249432,1.0588235294117647,0.6296296296296295,15.153599739074709,60.48656875703895,4.981214711292819,0.879374230584471,0.9830915678896242,0.09873617693522907,1.0106355161227034,-0.1963893706200971,-1.0588235294117647,-0.6296296296296295,-0.879374230584471,-0.9830915678896242
reject/20260909_AP5_13_pos1__highmag_2_set2.png,20260909,AP5_13_pos1__highmag_2_,2.0,8,True,36.25775779057497,0.0994937896265574,54.70831746635972,,,22.44950294494629,54.631149539434006,6.174544517614234,-0.06415324708199902,0.6681014401338965,0.055517477724468814,0.8413505593587505,-0.0994937896265574,,,0.06415324708199902,-0.6681014401338965
reject/20260909_AP5_13_pos1__highmag_2_set3.png,20260909,AP5_13_pos1__highmag_2_,3.0,8,True,63.250494069216565,0.241808136498237,69.77822009767804,1.0,1.0,53.96451568603516,69.67110233088034,15.88238017426859,0.3050958362823382,0.8336945262572152,0.1981534090909091,1.068991811841539,-0.241808136498237,-1.0,-1.0,-0.3050958362823382,-0.8336945262572152
reject/20260909_AP5_13_pos1__highmag_5_set0.png,20260909,AP5_13_pos1__highmag_5_,0.0,8,True,2.2638462845343543,0.3121790387024347,10.198039027185567,1.5,0.6666666666666666,0.0,10.307764064044152,8.503675675847475,0.7473013806383817,0.879662394594663,0.2012779552715655,0.7249814035016184,-0.3121790387024347,-1.5,-0.6666666666666666,-0.7473013806383817,-0.879662394594663
reject/20260909_AP5_13_pos1__highmag_5_set1.png,20260909,AP5_13_pos1__highmag_5_,1.0,8,True,2.0,0.1931548883437356,7.211102550927978,0.6666666666666666,1.5,8.595000267028809,7.766112283504533,5.5901699437494745,0.5523578225216396,0.7953035208041237,0.13455414012738853,0.7924373303117862,-0.1931548883437356,-0.6666666666666666,-1.5,-0.5523578225216396,-0.7953035208041237
reject/20260909_AP5_13_pos1__highmag_5_set2.png,20260909,AP5_13_pos1__highmag_5_,2.0,8,True,52.95339932431156,0.0552635920341498,64.66065264130884,0.5,1.0,8.215800285339355,64.52954749570154,22.75137358490691,0.8282511706843412,0.9060113784640714,0.11004784688995216,0.7364529210370626,-0.0552635920341498,-0.5,-1.0,-0.8282511706843412,-0.9060113784640714
reject/20260909_AP5_13_pos1__highmag_5_set3.png,20260909,AP5_13_pos1__highmag_5_,3.0,8,True,9.56882960450232,0.1271723487517123,50.47771785649585,0.5,1.0,8.34220027923584,50.4095725036426,14.870272357963051,0.6086711764116651,0.8064078346377967,0.11821862348178137,0.8052759703584008,-0.1271723487517123,-0.5,-1.0,-0.6086711764116651,-0.8064078346377967
reject/20260909_AP5_13_pos1__highmag_6_set0.png,20260909,AP5_13_pos1__highmag_6_,0.0,8,True,2.7950849718747373,0.4552390262717625,8.0,0.6666666666666666,0.6000000000000001,3.2792999744415283,8.25,8.0,0.6948028918577189,0.9865646813135589,0.08959757023538345,0.8740416679838923,-0.4552390262717625,-0.6666666666666666,-0.6000000000000001,-0.6948028918577189,-0.9865646813135589
reject/20260909_AP5_13_pos1__highmag_6_set1.png,20260909,AP5_13_pos1__highmag_6_,1.0,8,True,4.650268809434569,0.3856954452841584,8.0,1.0,1.0,0.0,7.754031209635412,7.00446286306095,0.7709564862001115,0.9919456642649755,0.06856702619414484,1.149074039077476,-0.3856954452841584,-1.0,-1.0,-0.7709564862001115,-0.9919456642649755
reject/20260909_AP5_13_pos1__highmag_6_set2.png,20260909,AP5_13_pos1__highmag_6_,2.0,8,True,2.9261749776799064,0.3981570920629905,16.1245154965971,2.0,0.25,2.865000009536743,16.3783393541592,16.44878414959598,0.4325327875039075,0.9810478399922714,0.08615384615384615,1.2095348958103342,-0.3981570920629905,-2.0,-0.25,-0.4325327875039075,-0.9810478399922714
reject/20260909_AP5_13_pos1__highmag_6_set3.png,20260909,AP5_13_pos1__highmag_6_,3.0,9,False,2.3048861143232218,0.2363869279537055,16.97056274847714,1.25,0.6857142857142857,1.3693000078201294,16.441183047457383,15.700318468107582,0.5927903344582868,0.9788649900979873,0.09785025945144551,1.0799251750664562,-0.2363869279537055,-1.25,-0.6857142857142857,-0.5927903344582868,-0.9788649900979873
reject/20260909_AP5_13_pos1__highmag_7_set0.png,20260909,AP5_13_pos1__highmag_7_,0.0,8,True,12.747548783981962,0.2025827590688349,7.280109889280518,1.6666666666666667,0.6,31.079608917236328,7.352720584926371,3.010398644698074,0.7505327848370363,0.9178547722755492,0.2190179267342167,0.8869286147158428,-0.2025827590688349,-1.6666666666666667,-0.6,-0.7505327848370363,-0.9178547722755492
reject/20260909_AP5_13_pos1__highmag_7_set1.png,20260909,AP5_13_pos1__highmag_7_,1.0,8,True,63.89150960808486,0.1686325951809853,71.58910531638176,1.0,0.0,26.97170639038086,71.38101988624148,7.2886898685566255,0.09229591184818277,0.9148587382241139,0.06630686198920586,0.939230890806317,-0.1686325951809853,-1.0,-0.0,-0.09229591184818277,-0.9148587382241139
reject/20260909_AP5_13_pos1__highmag_7_set2.png,20260909,AP5_13_pos1__highmag_7_,2.0,7,True,63.29000711012758,0.0387487247070762,128.08200498118384,1.0,1.0,39.35160446166992,128.08200498118384,14.467636296230287,0.10079034518880325,0.8636230934043722,0.18079800498753118,0.8329967125748857,-0.0387487247070762,-1.0,-1.0,-0.10079034518880325,-0.8636230934043722
reject/20260909_AP5_14_pos1__highmag_1_set0.png,20260909,AP5_14_pos1__highmag_1_,0.0,2,True,3.181980515339464,0.3529730061215964,11.0,1.0,1.0,5.062900066375732,11.261105629555209,30.01666203960727,0.5696785015933616,0.8782363478096047,0.12920489296636087,1.0236836474026332,-0.3529730061215964,-1.0,-1.0,-0.5696785015933616,-0.8782363478096047
reject/20260909_AP5_14_pos1__highmag_2_set0.png,20260909,AP5_14_pos1__highmag_2_,0.0,2,True,23.92305373483912,0.3186087825225125,80.32434251209281,2.0,0.5,14.233699798583984,80.5609241506079,10.286520305720492,0.19492574062387105,0.5353191550075447,0.075,0.7545569312178075,-0.3186087825225125,-2.0,-0.5,-0.19492574062387105,-0.5353191550075447
reject/20260909_AP5_14_pos1__highmag_2_set1.png,20260909,AP5_14_pos1__highmag_2_,1.0,1,True,2.7613402542968157,0.1990192875415866,55.97320787662612,0.5,1.0,11.495100021362305,56.13877893221405,7.254309064273454,0.7494854668150903,0.8867181493100774,0.05817378497790869,0.7794698344361275,-0.1990192875415866,-0.5,-1.0,-0.7494854668150903,-0.8867181493100774
reject/20260909_AP5_14_pos1__highmag_2_set2.png,20260909,AP5_14_pos1__highmag_2_,2.0,7,True,62.49249954994599,0.158337306794523,36.05551275463989,,,10.666500091552734,36.13948671467264,28.25,-0.029279904331893744,0.6092158608616198,0.2549366342469791,0.8253777492692992,-0.158337306794523,,,0.029279904331893744,-0.6092158608616198
reject/20260909_AP5_14_pos1__highmag_3_set1.png,20260909,AP5_14_pos1__highmag_3_,1.0,1,True,14.534441853748634,0.4731406950371273,36.76955262170047,1.6666666666666667,0.7999999999999999,15.602999687194824,37.476659402887016,7.988272654335229,0.7534815397400889,0.8930126955319068,0.04965089216446858,0.783611476147532,-0.4731406950371273,-1.6666666666666667,-0.7999999999999999,-0.7534815397400889,-0.8930126955319068
reject/20260909_AP5_14_pos1__highmag_3_set2.png,20260909,AP5_14_pos1__highmag_3_,2.0,7,True,50.77216264844349,0.146991801484274,67.17886572427373,,,30.34229850769043,66.6638020217869,33.421549934136806,-0.020850229603715152,0.6586488461359667,0.4450474898236092,0.6113957696075494,-0.146991801484274,,,0.020850229603715152,-0.6586488461359667
reject/20260909_AP5_14_pos1__highmag_4_set0.png,20260909,AP5_14_pos1__highmag_4_,0.0,9,False,0.5590169943749475,0.7158632313127412,10.0,1.0,0.5,7.387199878692627,10.25,10.02808556006579,0.6526981990015164,0.9183716366312416,0.09874723655121592,0.7876796881045326,-0.7158632313127412,-1.0,-0.5,-0.6526981990015164,-0.9183716366312416
reject/20260909_AP5_14_pos1__highmag_4_set2.png,20260909,AP5_14_pos1__highmag_4_,2.0,1,True,2.75,0.589181893788103,22.0,1.0,0.4,0.0,22.0014204086918,22.289291150684896,0.4816442800511199,0.8705518116804278,0.07399103139013453,0.794829589017641,-0.589181893788103,-1.0,-0.4,-0.4816442800511199,-0.8705518116804278
reject/20260909_AP5_14_pos1__highmag_5_set0.png,20260909,AP5_14_pos1__highmag_5_,0.0,7,True,2.850438562747845,0.2975111937319318,10.198039027185567,1.0,1.0,3.6935999393463135,9.82980162566875,10.077822185373186,0.6998314415252748,0.8624665502573526,0.20494505494505494,0.840997785647507,-0.2975111937319318,-1.0,-1.0,-0.6998314415252748,-0.8624665502573526
reject/20260909_AP5_14_pos1__highmag_5_set1.png,20260909,AP5_14_pos1__highmag_5_,1.0,1,True,2.1505813167606567,0.487490257342339,12.16552506059644,1.0,1.0,0.0,12.093386622447824,11.138334704972731,0.7777528911143954,0.9196099075008113,0.023696682464454975,1.1022509539197525,-0.487490257342339,-1.0,-1.0,-0.7777528911143954,-0.9196099075008113
reject/20260909_AP5_14_pos1__highmag_5_set2.png,20260909,AP5_14_pos1__highmag_5_,2.0,1,True,2.9154759474226504,0.4870714236719339,10.0,1.0,0.0,0.0,9.503288904374106,10.077822185373186,0.8201604845197921,0.9091464591965177,0.0770478507704785,1.088625132337798,-0.4870714236719339,-1.0,-0.0,-0.8201604845197921,-0.9091464591965177
reject/20260909_cnt_2_pos1__highmag_1_set1.png,20260909,cnt_2_pos1__highmag_1_,1.0,9,False,1.7677669529663689,0.6340100117111871,7.615773105863909,2.0,0.6,1.909999966621399,7.615773105863909,6.823672031978091,0.8355365374439079,0.962579381350226,0.012978142076502733,1.0218454266847619,-0.6340100117111871,-2.0,-0.6,-0.8355365374439079,-0.962579381350226
reject/20260909_cnt_2_pos1__highmag_1_set2.png,20260909,cnt_2_pos1__highmag_1_,2.0,8,True,2.5,0.591052395279108,6.324555320336759,1.0,1.0,17.351499557495117,6.562202374203344,4.5069390943299865,0.6956125246362298,0.9032342531346769,0.010144927536231883,1.0637278179302678,-0.591052395279108,-1.0,-1.0,-0.6956125246362298,-0.9032342531346769
reject/20260909_cnt_2_pos1__highmag_2_set2.png,20260909,cnt_2_pos1__highmag_2_,2.0,1,True,1.25,0.8140377214745349,6.0,1.0,0.5,0.9549999833106996,6.269968101992227,6.0878978309429606,0.8761392551625925,0.9881557699425247,0.11342592592592593,0.8156324341163661,-0.8140377214745349,-1.0,-0.5,-0.8761392551625925,-0.9881557699425247
reject/20260909_cnt_2_pos1__highmag_3_set1.png,20260909,cnt_2_pos1__highmag_3_,1.0,1,True,4.257346591481601,0.4612641966332881,8.0,1.0,0.6666666666666666,12.323699951171877,8.253787009609589,7.632168761236874,0.3459722259610668,0.9838876789899813,0.06750392464678179,1.2205622749938074,-0.4612641966332881,-1.0,-0.6666666666666666,-0.3459722259610668,-0.9838876789899813
reject/20260909_cnt_2_pos1__highmag_4_set2.png,20260909,cnt_2_pos1__highmag_4_,2.0,2,True,8.845903006477066,0.4253934354033569,9.055385138137416,0.7142857142857143,0.6588235294117647,8.88290023803711,8.806957476904268,8.503675675847475,0.7562624817572191,0.9640511063547466,0.05017921146953405,1.9330051098085008,-0.4253934354033569,-0.7142857142857143,-0.6588235294117647,-0.7562624817572191,-0.9640511063547466
reject/20260909_cnt_2_pos1__highmag_6_set2.png,20260909,cnt_2_pos1__highmag_6_,2.0,9,False,0.9013878188659972,0.5035930172116819,12.16552506059644,0.4444444444444444,0.84375,0.0,12.20911544707478,11.816302298096474,0.8118255437645221,0.9608383106803898,0.05701425356339085,1.1313422960470463,-0.5035930172116819,-0.4444444444444444,-0.84375,-0.8118255437645221,-0.9608383106803898
reject/20260909_cnt_2_pos1__highmag_7_set1.png,20260909,cnt_2_pos1__highmag_7_,1.0,1,True,1.7677669529663689,0.3522096267048463,8.48528137423857,1.0,1.0,0.0,8.31038506929733,8.253787009609589,0.6575284368379112,0.9091982615733285,0.05979543666404406,0.8550942072095591,-0.3522096267048463,-1.0,-1.0,-0.6575284368379112,-0.9091982615733285
reject/20260909_cnt_2_pos1__highmag_8_set3.png,20260909,cnt_2_pos1__highmag_8_,3.0,7,True,1.8027756377319943,0.4408487864753925,18.110770276274835,1.8,0.4444444444444445,4.234300136566162,18.560711193270585,15.331748106461964,0.3409022193604223,0.9355212674431552,0.03443328550932568,1.2430223465523866,-0.4408487864753925,-1.8,-0.4444444444444445,-0.3409022193604223,-0.9355212674431552
reject/20260909_cnt_3_pos1__highmag_1_set3.png,20260909,cnt_3_pos1__highmag_1_,3.0,9,False,2.3717082451262845,0.5977655868091547,8.06225774829855,2.0,0.5,0.9549999833106996,8.00390529679106,35.608987629529715,0.8672974229821596,0.9537031126645534,0.0748663101604278,0.9510574949861679,-0.5977655868091547,-2.0,-0.5,-0.8672974229821596,-0.9537031126645534
reject/20260909_cnt_3_pos1__highmag_2_set0.png,20260909,cnt_3_pos1__highmag_2_,0.0,1,True,1.7677669529663689,0.57999954811039,7.211102550927978,1.0,1.0,6.558599948883057,7.3824115301167,6.73145600891813,0.8625593539579173,0.9372265857437376,0.12808641975308643,1.1380697865794205,-0.57999954811039,-1.0,-1.0,-0.8625593539579173,-0.9372265857437376
reject/20260909_cnt_3_pos1__highmag_2_set2.png,20260909,cnt_3_pos1__highmag_2_,2.0,4,True,1.118033988749895,0.4394889075175936,12.649110640673518,1.3333333333333333,0.75,2.3243000507354736,12.649110640673518,13.306483382171264,0.34371115575144534,0.9436970239247301,0.05458680818802123,1.145859243205715,-0.4394889075175936,-1.3333333333333333,-0.75,-0.34371115575144534,-0.9436970239247301
reject/20260909_cnt_3_pos1__highmag_2_set3.png,20260909,cnt_3_pos1__highmag_2_,3.0,5,True,1.6770509831248424,0.5544476131915448,8.246211251235321,1.0,0.7142857142857143,1.3693000078201294,8.620469824783333,7.318640584152224,0.5625542044377575,0.9421414932249056,0.04817618719889883,0.7757512180909423,-0.5544476131915448,-1.0,-0.7142857142857143,-0.5625542044377575,-0.9421414932249056
reject/20260909_cnt_3_pos1__highmag_3_set1.png,20260909,cnt_3_pos1__highmag_3_,1.0,1,True,1.9525624189766635,0.7462356962727283,9.433981132056603,1.0,0.5,3.6935999393463135,9.56882960450232,8.48528137423857,0.831994242113872,0.9106425632571801,0.005438477226376614,0.902050263906996,-0.7462356962727283,-1.0,-0.5,-0.831994242113872,-0.9106425632571801
reject/20260909_cnt_3_pos1__highmag_4_set2.png,20260909,cnt_3_pos1__highmag_4_,2.0,1,True,2.0615528128088303,0.4937938169621859,14.866068747318506,1.0,0.5,0.0,14.630874888399532,14.162009038268549,0.7728179103800734,0.9372364413445362,0.11511354737666406,0.8356455345025698,-0.4937938169621859,-1.0,-0.5,-0.7728179103800734,-0.9372364413445362
reject/20260909_cnt_3_pos1__highmag_5_set2.png,20260909,cnt_3_pos1__highmag_5_,2.0,2,True,2.75,0.7774811955920577,13.601470508735444,2.0,0.5,0.9549999833106996,13.290033860002012,7.25,0.3728414705050818,0.9779226019748981,0.07410236822001529,1.0684967711648743,-0.7774811955920577,-2.0,-0.5,-0.3728414705050818,-0.9779226019748981
reject/20260909_cnt_3_pos1__highmag_5_set3.png,20260909,cnt_3_pos1__highmag_5_,3.0,1,True,1.0,0.6263573671747577,7.211102550927978,0.5,0.8888888888888888,0.9549999833106996,6.656763477847174,6.041522986797286,0.7736390259351833,0.9623351388384002,0.0457957957957958,0.8840077443444614,-0.6263573671747577,-0.5,-0.8888888888888888,-0.7736390259351833,-0.9623351388384002
reject/20260909_cnt_3_pos1__highmag_6_set2.png,20260909,cnt_3_pos1__highmag_6_,2.0,5,True,1.0307764064044151,0.547400394777286,15.524174696260024,0.8125,0.7692307692307693,0.9549999833106996,15.765865025427562,15.57441812717252,0.8021468804555233,0.9285705829983113,0.08069164265129683,0.7198384307743806,-0.547400394777286,-0.8125,-0.7692307692307693,-0.8021468804555233,-0.9285705829983113
reject/20260909_cnt_3_pos1__highmag_6_set3.png,20260909,cnt_3_pos1__highmag_6_,3.0,4,True,3.020761493398643,0.5419103285371873,7.211102550927978,0.75,1.0666666666666669,2.738600015640259,7.163274390947201,7.25,0.649564127036063,0.9446048563322564,0.058245083207261725,0.7069813599247039,-0.5419103285371873,-0.75,-1.0666666666666669,-0.649564127036063,-0.9446048563322564
reject/20260909_cnt_3_pos1__highmag_7_set3.png,20260909,cnt_3_pos1__highmag_7_,3.0,9,False,2.6575364531836625,0.5759184313778278,8.94427190999916,0.6666666666666666,1.3125,4.648600101470947,9.05883546599672,18.0,0.4115191265512682,0.946496621848881,0.08702175543885972,0.7516799316562964,-0.5759184313778278,-0.6666666666666666,-1.3125,-0.4115191265512682,-0.946496621848881
reject/20260909_cnt_3_pos1__highmag_8_set1.png,20260909,cnt_3_pos1__highmag_8_,1.0,2,True,1.0606601717798212,0.5555610723702485,12.649110640673518,1.0,0.6666666666666666,9.42360019683838,13.050383136138189,12.41219158730641,0.4803021963284209,0.8978691250196228,0.0761904761904762,0.8062558962754639,-0.5555610723702485,-1.0,-0.6666666666666666,-0.4803021963284209,-0.8978691250196228
reject/20260909_cnt_4_pos1__highmag_1_set0.png,20260909,cnt_4_pos1__highmag_1_,0.0,4,True,2.23606797749979,0.3863311774994964,5.0990195135927845,1.6666666666666667,1.2,0.9549999833106996,5.3967582862307255,7.215434844830906,0.7094665230835602,0.9226174787258608,0.058522311631309436,0.8448588836066612,-0.3863311774994964,-1.6666666666666667,-1.2,-0.7094665230835602,-0.9226174787258608
reject/20260909_cnt_4_pos1__highmag_1_set2.png,20260909,cnt_4_pos1__highmag_1_,2.0,1,True,1.8200274723201293,0.4150907135752166,7.810249675906654,0.8333333333333334,0.72,1.909999966621399,7.9726093595509875,8.162413858657255,0.8220322396529575,0.9537476289493793,0.03271028037383177,1.1376293699372926,-0.4150907135752166,-0.8333333333333334,-0.72,-0.8220322396529575,-0.9537476289493793
reject/20260909_cnt_4_pos1__highmag_1_set3.png,20260909,cnt_4_pos1__highmag_1_,3.0,1,True,1.25,0.4591731856054413,8.54400374531753,0.5,1.0,6.432199954986572,8.31038506929733,6.45174395028197,0.7138576823546817,0.9482805009162508,0.08046875,0.7288976260058603,-0.4591731856054413,-0.5,-1.0,-0.7138576823546817,-0.9482805009162508
reject/20260909_cnt_4_pos1__highmag_2_set1.png,20260909,cnt_4_pos1__highmag_2_,1.0,1,True,3.758324094593227,0.3661833646042634,11.704699910719626,1.0,1.0,0.0,11.792476415070755,10.977249200050077,0.7399482191187091,0.9259860763307755,0.12697603263641,1.4922355485020087,-0.3661833646042634,-1.0,-1.0,-0.7399482191187091,-0.9259860763307755
reject/20260909_cnt_4_pos1__highmag_3_set0.png,20260909,cnt_4_pos1__highmag_3_,0.0,5,True,1.600781059358212,0.6021393122268885,10.44030650891055,2.0,0.5,0.9549999833106996,10.793516572461453,10.003124511871276,0.7760961852334153,0.9491068738231425,0.02702702702702703,0.9392078355365318,-0.6021393122268885,-2.0,-0.5,-0.7760961852334153,-0.9491068738231425
reject/20260909_cnt_4_pos1__highmag_3_set2.png,20260909,cnt_4_pos1__highmag_3_,2.0,2,True,1.4142135623730951,0.5763169812500168,11.6619037896906,1.0,0.5,0.9549999833106996,12.137236093938355,14.545188207788856,0.6330465863224238,0.9397019877667543,0.015171503957783642,0.958702266634715,-0.5763169812500168,-1.0,-0.5,-0.6330465863224238,-0.9397019877667543
reject/20260909_cnt_4_pos1__highmag_3_set3.png,20260909,cnt_4_pos1__highmag_3_,3.0,1,True,1.5206906325745548,0.5302242862384808,6.4031242374328485,1.0,1.0,11.08080005645752,6.4031242374328485,7.945124291035352,0.6592974904986397,0.9387899797432921,0.02351212343864805,0.9033680565723394,-0.5302242862384808,-1.0,-1.0,-0.6592974904986397,-0.9387899797432921
reject/20260909_cnt_4_pos1__highmag_6_set0.png,20260909,cnt_4_pos1__highmag_6_,0.0,1,True,56.28554432534165,0.4917428819234608,7.0,1.0,0.5714285714285714,9.550000190734863,6.75,10.914439976471536,0.17151165621042783,0.9163437960105447,0.0836627140974967,0.7943915924602959,-0.4917428819234608,-1.0,-0.5714285714285714,-0.17151165621042783,-0.9163437960105447
reject/20260909_cnt_4_pos1__highmag_6_set1.png,20260909,cnt_4_pos1__highmag_6_,1.0,1,True,3.132491021535417,0.6882959764262853,3.0,1.0,1.0,6.432199954986572,2.75,15.524174696260024,0.46573024293815746,0.9170951388354404,0.06671159029649595,1.820041188491158,-0.6882959764262853,-1.0,-1.0,-0.46573024293815746,-0.9170951388354404
reject/20260909_cnt_4_pos1__highmag_7_set0.png,20260909,cnt_4_pos1__highmag_7_,0.0,2,True,2.1360009363293826,0.872752630701764,15.297058540778355,2.0,0.25,7.387199878692627,15.348045478170828,11.096170510586074,0.5904070357603207,0.8865563701854888,0.030539772727272728,1.525741095150084,-0.872752630701764,-2.0,-0.25,-0.5904070357603207,-0.8865563701854888
reject/20260909_cnt_4_pos1__highmag_7_set1.png,20260909,cnt_4_pos1__highmag_7_,1.0,8,True,62.542485559817656,0.0378647450860619,14.560219778561036,1.0,0.5,0.0,14.67353059082919,26.40075756488817,0.17598043390326865,0.8872841021443949,0.12285012285012285,0.6771636860423598,-0.0378647450860619,-1.0,-0.5,-0.17598043390326865,-0.8872841021443949
reject/20260909_cnt_4_pos1__highmag_7_set2.png,20260909,cnt_4_pos1__highmag_7_,2.0,9,False,6.373774391990981,0.3241957808191851,11.0,1.0,0.8,0.9549999833106996,11.002840542332692,16.221128197508335,0.4602347615769114,0.9525563937774331,0.08815958815958816,0.6868097391421378,-0.3241957808191851,-1.0,-0.8,-0.4602347615769114,-0.9525563937774331
